algorithm,p,p_x,p_y,ell,ell_x,ell_y,leaf_log2,first_merge_log2,second_merge_log2,final_merge_log2,iteration_log2,free_final_work_log2,inverse_success_log2,expected_work_log2,memory_log2
MMT,0,0,-1,0,0.0,0.0,0.0,0.0,-inf,0.0,0.0,128.0,128.0,128.0,0.0
BJMM,0,0,0,0,0.0,0.0,0.0,0.0,0.0,0.0,0.0,128.0,128.0,128.0,0.0
MMT,2,2,-1,5,2.173010083128132,0.0,32.58499918988681,31.379069137424047,-inf,17.526237372640864,32.58499918988681,146.44454541853798,113.85954622865117,146.44454541853798,32.58499918988681
MMT,2,2,-1,6,2.173010474419983,0.0,32.58500652760797,31.379077552188143,-inf,1.526238449235933,32.58500652760797,146.44590304968682,113.86089652207886,146.44590304968682,32.58500652760797
MMT,2,2,-1,7,2.173010865710136,0.0,32.58501386529183,31.37908596690479,-inf,-14.473760474291083,32.58501386529183,146.44726070170287,113.86224683641103,146.44726070170287,32.58501386529183
MMT,2,2,-1,8,2.1730112569985915,0.0,32.58502120293835,31.379094381573935,-inf,-30.473759397940256,32.58502120293835,146.44861837458666,113.8635971716483,146.44861837458666,32.58502120293835
MMT,2,2,-1,9,2.173011648285349,0.0,32.58502854054756,31.379102796195625,-inf,-46.4737583217115,32.58502854054756,146.44997606833886,113.8649475277913,146.44997606833886,32.58502854054756
MMT,2,2,-1,10,2.1730120395704082,0.0,32.58503587811945,31.379111210769835,-inf,-62.4737572456049,32.58503587811945,146.45133378296018,113.86629790484072,146.45133378296018,32.58503587811945
MMT,2,2,-1,11,2.1730124308537695,0.0,32.58504321565402,31.379119625296582,-inf,-78.47375616962037,32.58504321565402,146.45269151845116,113.86764830279715,146.45269151845116,32.58504321565402
MMT,2,2,-1,12,2.173012822135433,0.0,32.58505055315127,31.379128039775857,-inf,-94.47375509375794,32.58505055315127,146.45404927481252,113.86899872166124,146.45404927481252,32.58505055315127
MMT,2,2,-1,13,2.1730132134153988,0.0,32.5850578906112,31.37913645420766,-inf,-110.47375401801762,32.5850578906112,146.45540705204482,113.87034916143361,146.45540705204482,32.5850578906112
MMT,2,2,-1,14,2.173013604693666,0.0,32.58506522803382,31.379144868592,-inf,-126.47375294239939,32.58506522803382,146.45676485014872,113.87169962211489,146.45676485014872,32.58506522803382
MMT,2,2,-1,15,2.1730139959702357,0.0,32.58507256541912,31.37915328292887,-inf,-142.4737518669033,32.58507256541912,146.4581226691249,113.87305010370576,146.4581226691249,32.58507256541912
MMT,2,2,-1,16,2.1730143872451073,0.0,32.5850799027671,31.379161697218272,-inf,-158.47375079152928,32.5850799027671,146.4594805089739,113.8744006062068,146.4594805089739,32.5850799027671
MMT,2,2,-1,17,2.1730147785182816,0.0,32.58508724007777,31.379170111460212,-inf,-174.47374971627738,32.58508724007777,146.46083836969643,113.87575112961868,146.46083836969643,32.58508724007777
MMT,2,2,-1,18,2.173015169789757,0.0,32.585094577351114,31.37917852565468,-inf,-190.4737486411476,32.585094577351114,146.46219625129316,113.87710167394204,146.46219625129316,32.585094577351114
MMT,2,2,-1,19,2.173015561059535,0.0,32.58510191458715,31.379186939801684,-inf,-206.4737475661399,32.58510191458715,146.46355415376462,113.87845223917746,146.46355415376462,32.58510191458715
MMT,2,2,-1,20,2.1730159523276154,0.0,32.585109251785866,31.379195353901224,-inf,-222.4737464912543,32.585109251785866,146.46491207711153,113.87980282532565,146.46491207711153,32.585109251785866
MMT,2,2,-1,21,2.1730163435939978,0.0,32.58511658894727,31.379203767953307,-inf,-238.47374541649071,32.58511658894727,146.46627002133448,113.88115343238721,146.46627002133448,32.58511658894727
MMT,2,2,-1,22,2.1730167348586824,0.0,32.58512392607136,31.379212181957918,-inf,-254.47374434184928,32.58512392607136,146.46762798643414,113.88250406036278,146.46762798643414,32.58512392607136
MMT,2,2,-1,23,2.173017126121669,0.0,32.58513126315813,31.379220595915058,-inf,-270.47374326732995,32.58513126315813,146.46898597241108,113.88385470925294,146.46898597241108,32.58513126315813
MMT,2,2,-1,24,2.173017517382958,0.0,32.58513860020759,31.37922900982474,-inf,-286.4737421929327,32.58513860020759,146.47034397926603,113.88520537905843,146.47034397926603,32.58513860020759
MMT,2,2,-1,25,2.1730179086425494,0.0,32.585145937219735,31.379237423686952,-inf,-302.4737411186576,32.585145937219735,146.47170200699958,113.88655606977984,146.47170200699958,32.585145937219735
MMT,2,2,-1,26,2.173018299900443,0.0,32.58515327419457,31.379245837501706,-inf,-318.4737400445045,32.58515327419457,146.47306005561234,113.88790678141777,146.47306005561234,32.58515327419457
MMT,2,2,-1,27,2.173018691156639,0.0,32.585160611132096,31.379254251269018,-inf,-334.4737389704735,32.585160611132096,146.474418125105,113.88925751397291,146.474418125105,32.585160611132096
MMT,2,2,-1,28,2.173019082411137,0.0,32.5851679480323,31.379262664988843,-inf,-350.47373789656467,32.5851679480323,146.47577621547813,113.89060826744583,146.47577621547813,32.5851679480323
MMT,2,2,-1,29,2.173019473663937,0.0,32.5851752848952,31.379271078661226,-inf,-366.4737368227779,32.5851752848952,146.47713432673243,113.89195904183723,146.47713432673243,32.5851752848952
MMT,2,2,-1,30,2.17301986491504,0.0,32.58518262172078,31.37927949228613,-inf,-382.4737357491131,32.58518262172078,146.4784924588685,113.89330983714771,146.4784924588685,32.58518262172078
MMT,2,2,-1,31,2.173020256164445,0.0,32.585189958509055,31.379287905863585,-inf,-398.4737346755704,32.585189958509055,146.47985061188697,113.89466065337793,146.47985061188697,32.585189958509055
MMT,2,2,-1,32,2.173020647412152,0.0,32.585197295260016,31.379296319393582,-inf,-414.4737336021499,32.585197295260016,146.4812087857885,113.89601149052851,146.4812087857885,32.585197295260016
MMT,2,2,-1,33,2.173021038658162,0.0,32.58520463197367,31.379304732876115,-inf,-430.47373252885143,32.58520463197367,146.48256698057378,113.8973623486001,146.48256698057378,32.58520463197367
MMT,2,2,-1,34,2.173021429902474,0.0,32.585211968650015,31.379313146311205,-inf,-446.473731455675,32.585211968650015,146.48392519624332,113.8987132275933,146.48392519624332,32.585211968650015
MMT,2,2,-1,35,2.1730218211450887,0.0,32.585219305289044,31.379321559698816,-inf,-462.4737303826207,32.585219305289044,146.48528343279781,113.90006412750876,146.48528343279781,32.585219305289044
MMT,2,2,-1,36,2.173022212386005,0.0,32.58522664189077,31.379329973038992,-inf,-478.47372930968845,32.58522664189077,146.48664169023795,113.90141504834718,146.48664169023795,32.58522664189077
MMT,2,2,-1,37,2.173022603625224,0.0,32.58523397845518,31.37933838633169,-inf,-494.4737282368784,32.58523397845518,146.48799996856428,113.90276599010909,146.48799996856428,32.58523397845518
MMT,2,2,-1,38,2.173022994862746,0.0,32.585241314982284,31.379346799576936,-inf,-510.4737271641903,32.585241314982284,146.48935826777748,113.90411695279519,146.48935826777748,32.585241314982284
MMT,2,2,-1,39,2.1730233860985697,0.0,32.585248651472085,31.379355212774747,-inf,-526.4737260916243,32.585248651472085,146.49071658787818,113.90546793640611,146.49071658787818,32.585248651472085
MMT,2,2,-1,40,2.1730237773326966,0.0,32.58525598792457,31.379363625925073,-inf,-542.4737250191802,32.58525598792457,146.49207492886705,113.90681894094247,146.49207492886705,32.58525598792457
MMT,2,2,-1,41,2.1730241685651253,0.0,32.58526332433975,31.379372039027963,-inf,-558.4737239468584,32.58526332433975,146.49343329074463,113.9081699664049,146.49343329074463,32.58526332433975
MMT,2,2,-1,42,2.173024559795857,0.0,32.585270660717626,31.379380452083396,-inf,-574.4737228746585,32.585270660717626,146.4947916735117,113.90952101279407,146.4947916735117,32.585270660717626
MMT,2,2,-1,43,2.173024951024891,0.0,32.5852779970582,31.379388865091386,-inf,-590.4737218025807,32.5852779970582,146.4961500771688,113.91087208011061,146.4961500771688,32.5852779970582
MMT,2,2,-1,44,2.1730253422522274,0.0,32.585285333361455,31.379397278051904,-inf,-606.4737207306251,32.585285333361455,146.4975085017166,113.91222316835513,146.4975085017166,32.585285333361455
MMT,2,2,-1,45,2.173025733477867,0.0,32.585292669627414,31.37940569096498,-inf,-622.4737196587914,32.585292669627414,146.49886694715568,113.91357427752827,146.49886694715568,32.585292669627414
MMT,2,2,-1,46,2.173026124701808,0.0,32.58530000585606,31.379414103830605,-inf,-638.4737185870798,32.58530000585606,146.50022541348676,113.91492540763069,146.50022541348676,32.58530000585606
MMT,2,2,-1,47,2.1730265159240525,0.0,32.58530734204741,31.379422516648773,-inf,-654.4737175154903,32.58530734204741,146.50158390071041,113.916276558663,146.50158390071041,32.58530734204741
MMT,2,2,-1,48,2.1730269071445987,0.0,32.58531467820145,31.3794309294195,-inf,-670.4737164440229,32.58531467820145,146.5029424088273,113.91762773062585,146.5029424088273,32.58531467820145
MMT,2,2,-1,49,2.173027298363448,0.0,32.58532201431819,31.379439342142774,-inf,-686.4737153726776,32.58532201431819,146.50430093783805,113.91897892351987,146.50430093783805,32.58532201431819
MMT,2,2,-1,50,2.1730276895806,0.0,32.585329350397615,31.379447754818585,-inf,-702.4737143014543,32.585329350397615,146.50565948774332,113.9203301373457,146.50565948774332,32.585329350397615
MMT,2,2,-1,51,2.1730280807960547,0.0,32.585336686439746,31.37945616744696,-inf,-718.473713230353,32.585336686439746,146.50701805854374,113.92168137210398,146.50701805854374,32.585336686439746
MMT,2,2,-1,52,2.1730284720098116,0.0,32.58534402244457,31.379464580027893,-inf,-734.4737121593737,32.58534402244457,146.50837665023994,113.92303262779535,146.50837665023994,32.58534402244457
MMT,2,2,-1,53,2.1730288632218713,0.0,32.5853513584121,31.379472992561375,-inf,-750.4737110885166,32.5853513584121,146.50973526283252,113.92438390442044,146.50973526283252,32.5853513584121
MMT,2,2,-1,54,2.173029254432234,0.0,32.58535869434231,31.379481405047386,-inf,-766.4737100177815,32.58535869434231,146.51109389632217,113.92573520197986,146.51109389632217,32.58535869434231
MMT,2,2,-1,55,2.173029645640899,0.0,32.58536603023523,31.379489817485968,-inf,-782.4737089471685,32.58536603023523,146.51245255070953,113.92708652047429,146.51245255070953,32.58536603023523
MMT,2,2,-1,56,2.173030036847867,0.0,32.58537336609085,31.379498229877107,-inf,-798.4737078766774,32.58537336609085,146.5138112259952,113.92843785990434,146.5138112259952,32.58537336609085
MMT,2,2,-1,57,2.173030428053137,0.0,32.58538070190916,31.379506642220797,-inf,-814.4737068063084,32.58538070190916,146.51516992217984,113.92978922027066,146.51516992217984,32.58538070190916
MMT,2,2,-1,58,2.1730308192567107,0.0,32.58538803769017,31.379515054517036,-inf,-830.4737057360614,32.58538803769017,146.51652863926404,113.93114060157387,146.51652863926404,32.58538803769017
MMT,2,2,-1,59,2.1730312104585865,0.0,32.58539537343388,31.379523466765832,-inf,-846.4737046659367,32.58539537343388,146.5178873772485,113.93249200381463,146.5178873772485,32.58539537343388
MMT,2,2,-1,60,2.1730316016587654,0.0,32.5854027091403,31.379531878967185,-inf,-862.4737035959338,32.5854027091403,146.51924613613386,113.93384342699355,146.51924613613386,32.5854027091403
MMT,2,2,-1,61,2.173031992857247,0.0,32.585410044809414,31.379540291121103,-inf,-878.473702526053,32.585410044809414,146.5206049159207,113.93519487111129,146.5206049159207,32.585410044809414
MMT,2,2,-1,62,2.173032384054031,0.0,32.58541738044123,31.379548703227577,-inf,-894.4737014562943,32.58541738044123,146.5219637166097,113.93654633616846,146.5219637166097,32.58541738044123
MMT,2,2,-1,63,2.1730327752491183,0.0,32.58542471603574,31.379557115286588,-inf,-910.4737003866575,32.58542471603574,146.52332253820148,113.93789782216574,146.52332253820148,32.58542471603574
MMT,2,2,-1,64,2.173033166442508,0.0,32.58543205159295,31.37956552729817,-inf,-926.4736993171431,32.58543205159295,146.52468138069668,113.93924932910372,146.52468138069668,32.58543205159295
MMT,2,2,-1,65,2.173033557634201,0.0,32.58543938711287,31.379573939262308,-inf,-942.4736982477502,32.58543938711287,146.52604024409595,113.94060085698308,146.52604024409595,32.58543938711287
MMT,2,2,-1,66,2.1730339488241963,0.0,32.58544672259549,31.37958235117901,-inf,-958.4736971784798,32.58544672259549,146.52739912839988,113.94195240580439,146.52739912839988,32.58544672259549
MMT,2,2,-1,67,2.1730343400124945,0.0,32.58545405804081,31.379590763048263,-inf,-974.4736961093312,32.58545405804081,146.52875803360917,113.94330397556837,146.52875803360917,32.58545405804081
MMT,2,2,-1,68,2.173034731199096,0.0,32.58546139344884,31.379599174870087,-inf,-990.4736950403048,32.58546139344884,146.5301169597244,113.94465556627559,146.5301169597244,32.58546139344884
MMT,2,2,-1,69,2.173035122384,0.0,32.58546872881956,31.37960758664446,-inf,-1006.4736939714,32.58546872881956,146.53147590674632,113.94600717792675,146.53147590674632,32.58546872881956
MMT,2,2,-1,70,2.173035513567207,0.0,32.585476064153,31.379615998371413,-inf,-1022.473692902618,32.585476064153,146.5328348746754,113.94735881052239,146.5328348746754,32.585476064153
MMT,2,2,-1,71,2.1730359047487173,0.0,32.58548339944913,31.3796244100509,-inf,-1038.4736918339572,32.58548339944913,146.5341938635124,113.94871046406327,146.5341938635124,32.58548339944913
MMT,2,2,-1,72,2.17303629592853,0.0,32.585490734707975,31.379632821682975,-inf,-1054.473690765419,32.585490734707975,146.53555287325793,113.95006213854994,146.53555287325793,32.585490734707975
MMT,2,2,-1,73,2.173036687106646,0.0,32.585498069929514,31.379641233267584,-inf,-1070.4736896970026,32.585498069929514,146.53691190391254,113.95141383398304,146.53691190391254,32.585498069929514
MMT,2,2,-1,74,2.173037078283065,0.0,32.585505405113764,31.379649644804772,-inf,-1086.4736886287083,32.585505405113764,146.538270955477,113.95276555036324,146.538270955477,32.585505405113764
MMT,2,2,-1,75,2.1730374694577863,0.0,32.58551274026072,31.379658056294524,-inf,-1102.4736875605358,32.58551274026072,146.53963002795186,113.95411728769115,146.53963002795186,32.58551274026072
MMT,2,2,-1,76,2.173037860630811,0.0,32.58552007537038,31.379666467736847,-inf,-1118.4736864924857,32.58552007537038,146.54098912133784,113.95546904596746,146.54098912133784,32.58552007537038
MMT,2,2,-1,77,2.1730382518021387,0.0,32.585527410442744,31.379674879131713,-inf,-1134.4736854245575,32.585527410442744,146.5423482356355,113.95682082519275,146.5423482356355,32.585527410442744
MMT,2,2,-1,78,2.173038642971769,0.0,32.585534745477815,31.379683290479157,-inf,-1150.4736843567514,32.585534745477815,146.54370737084548,113.95817262536765,146.54370737084548,32.585534745477815
MMT,2,2,-1,79,2.1730390341397032,0.0,32.5855420804756,31.379691701779166,-inf,-1166.4736832890671,32.5855420804756,146.54506652696847,113.95952444649286,146.54506652696847,32.5855420804756
MMT,2,2,-1,80,2.1730394253059395,0.0,32.585549415436084,31.379700113031745,-inf,-1182.473682221505,32.585549415436084,146.54642570400506,113.96087628856898,146.54642570400506,32.585549415436084
MMT,2,2,-1,81,2.17303981647048,0.0,32.58555675035928,31.37970852423689,-inf,-1198.4736811540647,32.58555675035928,146.5477849019559,113.96222815159662,146.5477849019559,32.58555675035928
MMT,2,2,-1,82,2.173040207633323,0.0,32.58556408524518,31.37971693539459,-inf,-1214.4736800867465,32.58556408524518,146.54914412082164,113.96358003557646,146.54914412082164,32.58556408524518
MMT,2,2,-1,83,2.1730405987944685,0.0,32.5855714200938,31.379725346504884,-inf,-1230.4736790195504,32.5855714200938,146.5505033606029,113.9649319405091,146.5505033606029,32.5855714200938
MMT,2,2,-1,84,2.173040989953918,0.0,32.585578754905114,31.379733757567713,-inf,-1246.4736779524765,32.585578754905114,146.55186262130036,113.96628386639523,146.55186262130036,32.585578754905114
MMT,2,2,-1,85,2.1730413811116702,0.0,32.58558608967915,31.379742168583128,-inf,-1262.4736768855244,32.58558608967915,146.55322190291457,113.96763581323543,146.55322190291457,32.58558608967915
MMT,2,2,-1,86,2.1730417722677253,0.0,32.58559342441589,31.37975057955112,-inf,-1278.4736758186941,32.58559342441589,146.55458120544628,113.96898778103039,146.55458120544628,32.58559342441589
MMT,2,2,-1,87,2.173042163422084,0.0,32.58560075911534,31.379758990471665,-inf,-1294.473674751986,32.58560075911534,146.55594052889603,113.97033976978068,146.55594052889603,32.58560075911534
MMT,2,2,-1,88,2.173042554574746,0.0,32.585608093777495,31.379767401344786,-inf,-1310.4736736854,32.585608093777495,146.55729987326453,113.97169177948702,146.55729987326453,32.585608093777495
MMT,2,2,-1,89,2.1730429457257108,0.0,32.58561542840236,31.37977581217047,-inf,-1326.473672618936,32.58561542840236,146.5586592385523,113.97304381014996,146.5586592385523,32.58561542840236
MMT,2,2,-1,90,2.173043336874979,0.0,32.58562276298995,31.379784222948743,-inf,-1342.473671552594,32.58562276298995,146.56001862476018,113.97439586177022,146.56001862476018,32.58562276298995
MMT,2,2,-1,91,2.1730437280225496,0.0,32.585630097540246,31.379792633679592,-inf,-1358.4736704863737,32.585630097540246,146.56137803188864,113.97574793434839,146.56137803188864,32.585630097540246
MMT,2,2,-1,92,2.1730441191684244,0.0,32.58563743205325,31.379801044362985,-inf,-1374.4736694202757,32.58563743205325,146.56273745993838,113.97710002788513,146.56273745993838,32.58563743205325
MMT,2,2,-1,93,2.173044510312602,0.0,32.585644766528965,31.37980945499897,-inf,-1390.4736683543,32.585644766528965,146.56409690891,113.97845214238102,146.56409690891,32.585644766528965
MMT,2,2,-1,94,2.173044901455083,0.0,32.585652100967394,31.379817865587526,-inf,-1406.4736672884455,32.585652100967394,146.56545637880419,113.97980427783678,146.56545637880419,32.585652100967394
MMT,2,2,-1,95,2.1730452925958677,0.0,32.58565943536854,31.379826276128654,-inf,-1422.4736662227137,32.58565943536854,146.56681586962154,113.981156434253,146.56681586962154,32.58565943536854
MMT,2,2,-1,96,2.1730456837349545,0.0,32.5856667697324,31.379834686622367,-inf,-1438.4736651571034,32.5856667697324,146.56817538136272,113.98250861163032,146.56817538136272,32.5856667697324
MMT,2,2,-1,97,2.1730460748723455,0.0,32.58567410405897,31.379843097068637,-inf,-1454.4736640916155,32.58567410405897,146.56953491402837,113.9838608099694,146.56953491402837,32.58567410405897
MMT,2,2,-1,98,2.1730464660080395,0.0,32.58568143834825,31.379851507467492,-inf,-1470.4736630262494,32.58568143834825,146.5708944676191,113.98521302927084,146.5708944676191,32.58568143834825
MMT,2,2,-1,99,2.173046857142037,0.0,32.58568877260025,31.37985991781892,-inf,-1486.4736619610053,32.58568877260025,146.57225404213557,113.98656526953533,146.57225404213557,32.58568877260025
MMT,2,2,-1,100,2.173047248274338,0.0,32.585696106814964,31.379868328122924,-inf,-1502.4736608958833,32.585696106814964,146.5736136375784,113.98791753076344,146.5736136375784,32.585696106814964
MMT,2,2,-1,101,2.173047639404942,0.0,32.58570344099239,31.3798767383795,-inf,-1518.4736598308832,32.58570344099239,146.57497325394826,113.98926981295585,146.57497325394826,32.58570344099239
MMT,2,2,-1,102,2.1730480305338493,0.0,32.58571077513254,31.37988514858867,-inf,-1534.473658766005,32.58571077513254,146.57633289124578,113.99062211611323,146.57633289124578,32.58571077513254
MMT,2,2,-1,103,2.1730484216610604,0.0,32.5857181092354,31.379893558750403,-inf,-1550.473657701249,32.5857181092354,146.57769254947158,113.99197444023616,146.57769254947158,32.5857181092354
MMT,2,2,-1,104,2.173048812786575,0.0,32.58572544330098,31.379901968864722,-inf,-1566.4736566366148,32.58572544330098,146.57905222862627,113.9933267853253,146.57905222862627,32.58572544330098
MMT,2,2,-1,105,2.1730492039103924,0.0,32.58573277732927,31.379910378931612,-inf,-1582.4736555721029,32.58573277732927,146.58041192871053,113.99467915138126,146.58041192871053,32.58573277732927
MMT,2,2,-1,106,2.1730495950325133,0.0,32.585740111320284,31.379918788951095,-inf,-1598.4736545077124,32.585740111320284,146.58177164972506,113.99603153840476,146.58177164972506,32.585740111320284
MMT,2,2,-1,107,2.1730499861529378,0.0,32.585747445274016,31.379927198923156,-inf,-1614.4736534434444,32.585747445274016,146.58313139167038,113.99738394639635,146.58313139167038,32.585747445274016
MMT,2,2,-1,108,2.173050377271666,0.0,32.58575477919046,31.379935608847788,-inf,-1630.473652379298,32.58575477919046,146.58449115454715,113.9987363753567,146.58449115454715,32.58575477919046
MMT,2,2,-1,109,2.1730507683886975,0.0,32.58576211306963,31.379944018725006,-inf,-1646.473651315274,32.58576211306963,146.5858509383561,114.00008882528645,146.5858509383561,32.58576211306963
MMT,2,2,-1,110,2.1730511595040323,0.0,32.58576944691151,31.37995242855481,-inf,-1662.4736502513717,32.58576944691151,146.58721074309773,114.00144129618623,146.58721074309773,32.58576944691151
MMT,2,2,-1,111,2.173051550617671,0.0,32.58577678071612,31.37996083833719,-inf,-1678.4736491875917,32.58577678071612,146.5885705687728,114.00279378805669,146.5885705687728,32.58577678071612
MMT,2,2,-1,112,2.173051941729613,0.0,32.58578411448344,31.37996924807215,-inf,-1694.4736481239333,32.58578411448344,146.5899304153819,114.00414630089847,146.5899304153819,32.58578411448344
MMT,2,2,-1,113,2.173052332839858,0.0,32.585791448213485,31.37997765775971,-inf,-1710.473647060397,32.585791448213485,146.59129028292566,114.00549883471217,146.59129028292566,32.585791448213485
MMT,2,2,-1,114,2.173052723948407,0.0,32.58579878190624,31.379986067399827,-inf,-1726.4736459969827,32.58579878190624,146.59265017140473,114.0068513894985,146.59265017140473,32.58579878190624
MMT,2,2,-1,115,2.17305311505526,0.0,32.585806115561724,31.379994476992543,-inf,-1742.4736449336904,32.585806115561724,146.59401008081974,114.00820396525802,146.59401008081974,32.585806115561724
MMT,2,2,-1,116,2.173053506160416,0.0,32.58581344917993,31.380002886537845,-inf,-1758.47364387052,32.58581344917993,146.59537001117135,114.00955656199143,146.59537001117135,32.58581344917993
MMT,2,2,-1,117,2.1730538972638755,0.0,32.58582078276086,31.380011296035747,-inf,-1774.4736428074716,32.58582078276086,146.5967299624602,114.01090917969933,146.5967299624602,32.58582078276086
MMT,2,2,-1,118,2.1730542883656394,0.0,32.585828116304505,31.380019705486205,-inf,-1790.4736417445451,32.585828116304505,146.59808993468687,114.01226181838237,146.59808993468687,32.585828116304505
MMT,2,2,-1,119,2.173054679465706,0.0,32.58583544981087,31.380028114889264,-inf,-1806.473640681741,32.58583544981087,146.59944992785205,114.01361447804118,146.59944992785205,32.58583544981087
MMT,2,2,-1,120,2.1730550705640765,0.0,32.58584278327997,31.38003652424492,-inf,-1822.4736396190583,32.58584278327997,146.6008099419564,114.01496715867643,146.6008099419564,32.58584278327997
MMT,2,2,-1,121,2.173055461660751,0.0,32.58585011671178,31.380044933553144,-inf,-1838.473638556498,32.58585011671178,146.6021699770005,114.01631986028872,146.6021699770005,32.58585011671178
MMT,2,2,-1,122,2.1730558527557293,0.0,32.585857450106325,31.380053342813966,-inf,-1854.4736374940592,32.585857450106325,146.60353003298502,114.0176725828787,146.60353003298502,32.585857450106325
MMT,2,2,-1,123,2.1730562438490106,0.0,32.585864783463585,31.380061752027373,-inf,-1870.4736364317428,32.585864783463585,146.60489010991063,114.01902532644704,146.60489010991063,32.585864783463585
MMT,2,2,-1,124,2.173056634940596,0.0,32.58587211678357,31.380070161193373,-inf,-1886.473635369548,32.58587211678357,146.6062502077779,114.02037809099431,146.6062502077779,32.58587211678357
MMT,2,2,-1,125,2.173057026030485,0.0,32.58587945006628,31.38007857031196,-inf,-1902.4736343074758,32.58587945006628,146.6076103265875,114.02173087652122,146.6076103265875,32.58587945006628
MMT,2,2,-1,126,2.1730574171186774,0.0,32.58588678331172,31.38008697938315,-inf,-1918.473633245525,32.58588678331172,146.6089704663401,114.02308368302837,146.6089704663401,32.58588678331172
MMT,2,2,-1,127,2.1730578082051744,0.0,32.58589411651988,31.380095388406914,-inf,-1934.473632183696,32.58589411651988,146.6103306270363,114.02443651051641,146.6103306270363,32.58589411651988
MMT,2,2,-1,128,2.1730581992899745,0.0,32.585901449690766,31.38010379738327,-inf,-1950.4736311219897,32.585901449690766,146.6116908086767,114.02578935898595,146.6116908086767,32.585901449690766
MMT,2,2,-1,4,2.1730096918345825,0.0,32.58499185212832,31.379060722612472,-inf,33.52623629592365,33.52623629592365,146.44318780825566,113.85819595612733,147.384432252051,32.58499185212832
MMT,1,2,-1,4,3.097636348219892,0.0,32.58499185212832,16.58501386607565,-inf,18.732189439386843,32.58499185212832,153.00554764168848,120.42055578956017,153.00554764168848,32.58499185212832
MMT,1,2,-1,5,3.0976368068291666,0.0,32.58499918988681,16.58502120383414,-inf,2.7321894390509556,32.58499918988681,153.0069346050203,120.42193541513348,153.0069346050203,32.58499918988681
MMT,1,2,-1,6,3.0976372654361093,0.0,32.58500652760797,16.585028541555296,-inf,-13.267810561396942,32.58500652760797,153.0083215895172,120.42331506190925,153.0083215895172,32.58500652760797
MMT,1,2,-1,7,3.0976377240407187,0.0,32.58501386529183,16.585035879239157,-inf,-29.267810561956736,32.58501386529183,153.00970859518003,120.42469472988819,153.00970859518003,32.58501386529183
MMT,1,2,-1,8,3.0976381826429953,0.0,32.58502120293835,16.58504321688568,-inf,-45.26781056262851,32.58502120293835,153.01109562200918,120.42607441907083,153.01109562200918,32.58502120293835
MMT,1,2,-1,9,3.09763864124294,0.0,32.58502854054756,16.58505055449489,-inf,-61.26781056341224,32.58502854054756,153.01248267000548,120.42745412945793,153.01248267000548,32.58502854054756
MMT,1,2,-1,10,3.097639099840552,0.0,32.58503587811945,16.58505789206678,-inf,-77.26781056430795,32.58503587811945,153.01386973916954,120.4288338610501,153.01386973916954,32.58503587811945
MMT,1,2,-1,11,3.097639558435832,0.0,32.58504321565402,16.585065229601348,-inf,-93.26781056531559,32.58504321565402,153.01525682950196,120.43021361384795,153.01525682950196,32.58504321565402
MMT,1,2,-1,12,3.097640017028779,0.0,32.58505055315127,16.5850725670986,-inf,-109.2678105664352,32.58505055315127,153.01664394100345,120.43159338785217,153.01664394100345,32.58505055315127
MMT,1,2,-1,13,3.097640475619394,0.0,32.5850578906112,16.585079904558533,-inf,-125.26781056766671,32.5850578906112,153.0180310736746,120.4329731830634,153.0180310736746,32.5850578906112
MMT,1,2,-1,14,3.0976409342076763,0.0,32.58506522803382,16.58508724198115,-inf,-141.26781056901027,32.58506522803382,153.01941822751604,120.43435299948223,153.01941822751604,32.58506522803382
MMT,1,2,-1,15,3.0976413927936264,0.0,32.58507256541912,16.585094579366448,-inf,-157.26781057046574,32.58507256541912,153.0208054025285,120.43573283710938,153.0208054025285,32.58507256541912
MMT,1,2,-1,16,3.0976418513772446,0.0,32.5850799027671,16.58510191671443,-inf,-173.26781057203314,32.5850799027671,153.02219259871256,120.43711269594546,153.02219259871256,32.5850799027671
MMT,1,2,-1,17,3.0976423099585304,0.0,32.58508724007777,16.5851092540251,-inf,-189.2678105737125,32.58508724007777,153.0235798160689,120.43849257599112,153.0235798160689,32.58508724007777
MMT,1,2,-1,18,3.0976427685374834,0.0,32.585094577351114,16.585116591298444,-inf,-205.2678105755038,32.585094577351114,153.0249670545981,120.43987247724701,153.0249670545981,32.585094577351114
MMT,1,2,-1,19,3.0976432271141046,0.0,32.58510191458715,16.58512392853448,-inf,-221.26781057740706,32.58510191458715,153.0263543143009,120.44125239971376,153.0263543143009,32.58510191458715
MMT,1,2,-1,20,3.0976436856883938,0.0,32.585109251785866,16.585131265733196,-inf,-237.2678105794223,32.585109251785866,153.0277415951779,120.44263234339203,153.0277415951779,32.585109251785866
MMT,1,2,-1,21,3.0976441442603506,0.0,32.58511658894727,16.585138602894602,-inf,-253.26781058154944,32.58511658894727,153.02912889722978,120.44401230828251,153.02912889722978,32.58511658894727
MMT,1,2,-1,22,3.097644602829975,0.0,32.58512392607136,16.58514594001869,-inf,-269.2678105837885,32.58512392607136,153.03051622045712,120.44539229438577,153.03051622045712,32.58512392607136
MMT,1,2,-1,23,3.0976450613972677,0.0,32.58513126315813,16.585153277105462,-inf,-285.26781058613955,32.58513126315813,153.03190356486058,120.44677230170245,153.03190356486058,32.58513126315813
MMT,1,2,-1,24,3.097645519962228,0.0,32.58513860020759,16.585160614154923,-inf,-301.2678105886025,32.58513860020759,153.03329093044087,120.44815233023327,153.03329093044087,32.58513860020759
MMT,1,2,-1,25,3.097645978524856,0.0,32.585145937219735,16.585167951167065,-inf,-317.26781059117747,32.585145937219735,153.03467831719857,120.44953237997883,153.03467831719857,32.585145937219735
MMT,1,2,-1,26,3.0976464370851526,0.0,32.58515327419457,16.58517528814189,-inf,-333.26781059386434,32.58515327419457,153.0360657251344,120.45091245093981,153.0360657251344,32.58515327419457
MMT,1,2,-1,27,3.0976468956431167,0.0,32.585160611132096,16.585182625079426,-inf,-349.26781059666314,32.585160611132096,153.0374531542489,120.45229254311681,153.0374531542489,32.585160611132096
MMT,1,2,-1,28,3.0976473541987484,0.0,32.5851679480323,16.58518996197963,-inf,-365.26781059957386,32.5851679480323,153.0388406045428,120.45367265651049,153.0388406045428,32.5851679480323
MMT,1,2,-1,29,3.097647812752049,0.0,32.5851752848952,16.58519729884253,-inf,-381.2678106025965,32.5851752848952,153.04022807601672,120.45505279112152,153.04022807601672,32.5851752848952
MMT,1,2,-1,30,3.097648271303017,0.0,32.58518262172078,16.585204635668113,-inf,-397.26781060573114,32.58518262172078,153.0416155686713,120.4564329469505,153.0416155686713,32.58518262172078
MMT,1,2,-1,31,3.097648729851653,0.0,32.585189958509055,16.585211972456385,-inf,-413.2678106089778,32.585189958509055,153.0430030825072,120.45781312399814,153.0430030825072,32.585189958509055
MMT,1,2,-1,32,3.0976491883979573,0.0,32.585197295260016,16.585219309207346,-inf,-429.26781061233623,32.585197295260016,153.04439061752504,120.45919332226504,153.04439061752504,32.585197295260016
MMT,1,2,-1,33,3.0976496469419295,0.0,32.58520463197367,16.585226645920997,-inf,-445.26781061580664,32.58520463197367,153.04577817372552,120.46057354175187,153.04577817372552,32.58520463197367
MMT,1,2,-1,34,3.09765010548357,0.0,32.585211968650015,16.585233982597344,-inf,-461.26781061938885,32.585211968650015,153.04716575110928,120.46195378245928,153.04716575110928,32.585211968650015
MMT,1,2,-1,35,3.097650564022879,0.0,32.585219305289044,16.585241319236374,-inf,-477.26781062308316,32.585219305289044,153.04855334967687,120.46333404438784,153.04855334967687,32.585219305289044
MMT,1,2,-1,36,3.0976510225598557,0.0,32.58522664189077,16.5852486558381,-inf,-493.2678106268894,32.58522664189077,153.0499409694291,120.46471432753833,153.0499409694291,32.58522664189077
MMT,1,2,-1,37,3.0976514810945,0.0,32.58523397845518,16.58525599240251,-inf,-509.2678106308075,32.58523397845518,153.05132861036645,120.46609463191128,153.05132861036645,32.58523397845518
MMT,1,2,-1,38,3.0976519396268136,0.0,32.585241314982284,16.585263328929614,-inf,-525.2678106348376,32.585241314982284,153.05271627248968,120.46747495750739,153.05271627248968,32.585241314982284
MMT,1,2,-1,39,3.097652398156795,0.0,32.585248651472085,16.585270665419415,-inf,-541.2678106389794,32.585248651472085,153.0541039557994,120.46885530432732,153.0541039557994,32.585248651472085
MMT,1,2,-1,40,3.0976528566844452,0.0,32.58525598792457,16.58527800187189,-inf,-557.2678106432334,32.58525598792457,153.05549166029624,120.47023567237166,153.05549166029624,32.58525598792457
MMT,1,2,-1,41,3.097653315209763,0.0,32.58526332433975,16.585285338287072,-inf,-573.2678106475992,32.58526332433975,153.05687938598086,120.47161606164111,153.05687938598086,32.58526332433975
MMT,1,2,-1,42,3.097653773732749,0.0,32.585270660717626,16.585292674664956,-inf,-589.267810652077,32.585270660717626,153.05826713285393,120.47299647213629,153.05826713285393,32.585270660717626
MMT,1,2,-1,43,3.097654232253404,0.0,32.5852779970582,16.58530001100553,-inf,-605.2678106566666,32.5852779970582,153.0596549009161,120.47437690385789,153.0596549009161,32.5852779970582
MMT,1,2,-1,44,3.097654690771727,0.0,32.585285333361455,16.585307347308778,-inf,-621.2678106613681,32.585285333361455,153.06104269016794,120.47575735680647,153.06104269016794,32.585285333361455
MMT,1,2,-1,45,3.0976551492877182,0.0,32.585292669627414,16.585314683574744,-inf,-637.2678106661817,32.585292669627414,153.06243050061016,120.47713783098276,153.06243050061016,32.585292669627414
MMT,1,2,-1,46,3.0976556078013777,0.0,32.58530000585606,16.585322019803392,-inf,-653.2678106711071,32.58530000585606,153.06381833224344,120.47851832638737,153.06381833224344,32.58530000585606
MMT,1,2,-1,47,3.097656066312706,0.0,32.58530734204741,16.585329355994737,-inf,-669.2678106761444,32.58530734204741,153.06520618506835,120.47989884302095,153.06520618506835,32.58530734204741
MMT,1,2,-1,48,3.0976565248217027,0.0,32.58531467820145,16.58533669214878,-inf,-685.2678106812937,32.58531467820145,153.0665940590856,120.48127938088415,153.0665940590856,32.58531467820145
MMT,1,2,-1,49,3.0976569833283683,0.0,32.58532201431819,16.585344028265517,-inf,-701.2678106865549,32.58532201431819,153.0679819542958,120.48265993997761,153.0679819542958,32.58532201431819
MMT,1,2,-1,50,3.097657441832702,0.0,32.585329350397615,16.585351364344938,-inf,-717.2678106919279,32.585329350397615,153.06936987069957,120.48404052030196,153.06936987069957,32.585329350397615
MMT,1,2,-1,51,3.097657900334704,0.0,32.585336686439746,16.585358700387076,-inf,-733.2678106974129,32.585336686439746,153.07075780829763,120.48542112185788,153.07075780829763,32.585336686439746
MMT,1,2,-1,52,3.0976583588343747,0.0,32.58534402244457,16.585366036391903,-inf,-749.2678107030097,32.58534402244457,153.07214576709063,120.48680174464606,153.07214576709063,32.58534402244457
MMT,1,2,-1,53,3.0976588173317143,0.0,32.5853513584121,16.585373372359427,-inf,-765.2678107087185,32.5853513584121,153.07353374707915,120.48818238866706,153.07353374707915,32.5853513584121
MMT,1,2,-1,54,3.0976592758267216,0.0,32.58535869434231,16.58538070828964,-inf,-781.2678107145392,32.58535869434231,153.07492174826385,120.48956305392153,153.07492174826385,32.58535869434231
MMT,1,2,-1,55,3.0976597343193983,0.0,32.58536603023523,16.585388044182558,-inf,-797.2678107204719,32.58536603023523,153.0763097706454,120.49094374041016,153.0763097706454,32.58536603023523
MMT,1,2,-1,56,3.0976601928097436,0.0,32.58537336609085,16.58539538003818,-inf,-813.2678107265162,32.58537336609085,153.07769781422445,120.4923244481336,153.07769781422445,32.58537336609085
MMT,1,2,-1,57,3.0976606512977574,0.0,32.58538070190916,16.58540271585649,-inf,-829.2678107326727,32.58538070190916,153.07908587900164,120.49370517709247,153.07908587900164,32.58538070190916
MMT,1,2,-1,58,3.0976611097834397,0.0,32.58538803769017,16.585410051637503,-inf,-845.267810738941,32.58538803769017,153.08047396497759,120.49508592728742,153.08047396497759,32.58538803769017
MMT,1,2,-1,59,3.0976615682667914,0.0,32.58539537343388,16.585417387381206,-inf,-861.2678107453213,32.58539537343388,153.081862072153,120.49646669871913,153.081862072153,32.58539537343388
MMT,1,2,-1,60,3.0976620267478117,0.0,32.5854027091403,16.58542472308762,-inf,-877.2678107518134,32.5854027091403,153.08325020052848,120.49784749138819,153.08325020052848,32.5854027091403
MMT,1,2,-1,61,3.0976624852265,0.0,32.585410044809414,16.585432058756744,-inf,-893.2678107584173,32.585410044809414,153.0846383501047,120.4992283052953,153.0846383501047,32.585410044809414
MMT,1,2,-1,62,3.0976629437028578,0.0,32.58541738044123,16.58543939438856,-inf,-909.2678107651334,32.58541738044123,153.08602652088234,120.5006091404411,153.08602652088234,32.58541738044123
MMT,1,2,-1,63,3.0976634021768836,0.0,32.58542471603574,16.58544672998307,-inf,-925.2678107719611,32.58542471603574,153.08741471286194,120.5019899968262,153.08741471286194,32.58542471603574
MMT,1,2,-1,64,3.097663860648579,0.0,32.58543205159295,16.585454065540283,-inf,-941.267810778901,32.58543205159295,153.08880292604422,120.50337087445128,153.08880292604422,32.58543205159295
MMT,1,2,-1,65,3.0976643191179427,0.0,32.58543938711287,16.5854614010602,-inf,-957.2678107859524,32.58543938711287,153.09019116042987,120.50475177331698,153.09019116042987,32.58543938711287
MMT,1,2,-1,66,3.097664777584976,0.0,32.58544672259549,16.585468736542822,-inf,-973.267810793116,32.58544672259549,153.0915794160194,120.50613269342392,153.0915794160194,32.58544672259549
MMT,1,2,-1,67,3.097665236049678,0.0,32.58545405804081,16.585476071988133,-inf,-989.2678108003914,32.58545405804081,153.0929676928136,120.5075136347728,153.0929676928136,32.58545405804081
MMT,1,2,-1,68,3.0976656945120484,0.0,32.58546139344884,16.58548340739617,-inf,-1005.2678108077787,32.58546139344884,153.09435599081309,120.50889459736425,153.09435599081309,32.58546139344884
MMT,1,2,-1,69,3.097666152972088,0.0,32.58546872881956,16.585490742766893,-inf,-1021.2678108152777,32.58546872881956,153.09574431001846,120.5102755811989,153.09574431001846,32.58546872881956
MMT,1,2,-1,70,3.0976666114297973,0.0,32.585476064153,16.58549807810033,-inf,-1037.267810822889,32.585476064153,153.0971326504304,120.5116565862774,153.0971326504304,32.585476064153
MMT,1,2,-1,71,3.0976670698851745,0.0,32.58548339944913,16.58550541339646,-inf,-1053.2678108306118,32.58548339944913,153.09852101204956,120.51303761260041,153.09852101204956,32.58548339944913
MMT,1,2,-1,72,3.0976675283382216,0.0,32.585490734707975,16.585512748655304,-inf,-1069.2678108384466,32.585490734707975,153.09990939487653,120.51441866016857,153.09990939487653,32.585490734707975
MMT,1,2,-1,73,3.097667986788937,0.0,32.585498069929514,16.585520083876844,-inf,-1085.2678108463933,32.585498069929514,153.10129779891201,120.5157997289825,153.10129779891201,32.585498069929514
MMT,1,2,-1,74,3.0976684452373218,0.0,32.585505405113764,16.585527419061094,-inf,-1101.267810854452,32.585505405113764,153.10268622415668,120.51718081904292,153.10268622415668,32.585505405113764
MMT,1,2,-1,75,3.0976689036833758,0.0,32.58551274026072,16.585534754208048,-inf,-1117.2678108626224,32.58551274026072,153.1040746706111,120.51856193035039,153.1040746706111,32.58551274026072
MMT,1,2,-1,76,3.097669362127099,0.0,32.58552007537038,16.585542089317713,-inf,-1133.2678108709047,32.58552007537038,153.10546313827604,120.51994306290564,153.10546313827604,32.58552007537038
MMT,1,2,-1,77,3.0976698205684907,0.0,32.585527410442744,16.585549424390074,-inf,-1149.267810879299,32.585527410442744,153.10685162715203,120.52132421670927,153.10685162715203,32.585527410442744
MMT,1,2,-1,78,3.0976702790075525,0.0,32.585534745477815,16.58555675942514,-inf,-1165.2678108878054,32.585534745477815,153.1082401372397,120.5227053917619,153.1082401372397,32.585534745477815
MMT,1,2,-1,79,3.097670737444283,0.0,32.5855420804756,16.585564094422928,-inf,-1181.2678108964235,32.5855420804756,153.10962866853987,120.52408658806426,153.10962866853987,32.5855420804756
MMT,1,2,-1,80,3.0976711958786822,0.0,32.585549415436084,16.585571429383414,-inf,-1197.2678109051533,32.585549415436084,153.11101722105303,120.52546780561694,153.11101722105303,32.585549415436084
MMT,1,2,-1,81,3.0976716543107514,0.0,32.58555675035928,16.58557876430661,-inf,-1213.267810913995,32.58555675035928,153.11240579477987,120.52684904442059,153.11240579477987,32.58555675035928
MMT,1,2,-1,82,3.09767211274049,0.0,32.58556408524518,16.585586099192504,-inf,-1229.2678109229487,32.58556408524518,153.11379438972108,120.52823030447588,153.11379438972108,32.58556408524518
MMT,1,2,-1,83,3.097672571167897,0.0,32.5855714200938,16.58559343404113,-inf,-1245.267810932014,32.5855714200938,153.1151830058772,120.52961158578343,153.1151830058772,32.5855714200938
MMT,1,2,-1,84,3.097673029592974,0.0,32.585578754905114,16.585600768852437,-inf,-1261.2678109411913,32.585578754905114,153.11657164324902,120.5309928883439,153.11657164324902,32.585578754905114
MMT,1,2,-1,85,3.09767348801572,0.0,32.58558608967915,16.585608103626477,-inf,-1277.2678109504807,32.58558608967915,153.1179603018371,120.53237421215795,153.1179603018371,32.58558608967915
MMT,1,2,-1,86,3.097673946436136,0.0,32.58559342441589,16.58561543836322,-inf,-1293.267810959882,32.58559342441589,153.11934898164213,120.53375555722623,153.11934898164213,32.58559342441589
MMT,1,2,-1,87,3.0976744048542204,0.0,32.58560075911534,16.585622773062667,-inf,-1309.2678109693948,32.58560075911534,153.1207376826647,120.53513692354935,153.1207376826647,32.58560075911534
MMT,1,2,-1,88,3.0976748632699747,0.0,32.585608093777495,16.585630107724825,-inf,-1325.2678109790197,32.585608093777495,153.1221264049055,120.536518311128,153.1221264049055,32.585608093777495
MMT,1,2,-1,89,3.0976753216833988,0.0,32.58561542840236,16.585637442349686,-inf,-1341.2678109887565,32.58561542840236,153.1235151483652,120.53789971996281,153.1235151483652,32.58561542840236
MMT,1,2,-1,90,3.097675780094492,0.0,32.58562276298995,16.58564477693728,-inf,-1357.2678109986055,32.58562276298995,153.1249039130444,120.53928115005445,153.1249039130444,32.58562276298995
MMT,1,2,-1,91,3.097676238503255,0.0,32.585630097540246,16.585652111487576,-inf,-1373.2678110085658,32.585630097540246,153.12629269894381,120.54066260140355,153.12629269894381,32.585630097540246
MMT,1,2,-1,92,3.0976766969096863,0.0,32.58563743205325,16.585659446000577,-inf,-1389.2678110186382,32.58563743205325,153.127681506064,120.54204407401073,153.127681506064,32.58563743205325
MMT,1,2,-1,93,3.097677155313788,0.0,32.585644766528965,16.585666780476295,-inf,-1405.2678110288225,32.585644766528965,153.12907033440564,120.54342556787667,153.12907033440564,32.585644766528965
MMT,1,2,-1,94,3.0976776137155593,0.0,32.585652100967394,16.585674114914724,-inf,-1421.2678110391184,32.585652100967394,153.1304591839694,120.54480708300201,153.1304591839694,32.585652100967394
MMT,1,2,-1,95,3.0976780721150003,0.0,32.58565943536854,16.58568144931587,-inf,-1437.2678110495265,32.58565943536854,153.13184805475598,120.54618861938744,153.13184805475598,32.58565943536854
MMT,1,2,-1,96,3.097678530512111,0.0,32.5856667697324,16.58568878367973,-inf,-1453.2678110600461,32.5856667697324,153.13323694676595,120.54757017703355,153.13323694676595,32.5856667697324
MMT,1,2,-1,97,3.0976789889068903,0.0,32.58567410405897,16.585696118006297,-inf,-1469.267811070678,32.58567410405897,153.13462585999997,120.548951755941,153.13462585999997,32.58567410405897
MMT,1,2,-1,98,3.09767944729934,0.0,32.58568143834825,16.585703452295583,-inf,-1485.2678110814213,32.58568143834825,153.13601479445867,120.55033335611043,153.13601479445867,32.58568143834825
MMT,1,2,-1,99,3.0976799056894593,0.0,32.58568877260025,16.58571078654758,-inf,-1501.2678110922766,32.58568877260025,153.13740375014277,120.55171497754253,153.13740375014277,32.58568877260025
MMT,1,2,-1,100,3.0976803640772483,0.0,32.585696106814964,16.585718120762294,-inf,-1517.267811103244,32.585696106814964,153.13879272705287,120.5530966202379,153.13879272705287,32.585696106814964
MMT,1,2,-1,101,3.0976808224627073,0.0,32.58570344099239,16.585725454939713,-inf,-1533.267811114323,32.58570344099239,153.14018172518962,120.55447828419723,153.14018172518962,32.58570344099239
MMT,1,2,-1,102,3.0976812808458356,0.0,32.58571077513254,16.58573278907987,-inf,-1549.2678111255138,32.58571077513254,153.1415707445537,120.55585996942116,153.1415707445537,32.58571077513254
MMT,1,2,-1,103,3.097681739226634,0.0,32.5857181092354,16.58574012318273,-inf,-1565.2678111368166,32.5857181092354,153.1429597851457,120.55724167591032,153.1429597851457,32.5857181092354
MMT,1,2,-1,104,3.0976821976051014,0.0,32.58572544330098,16.58574745724831,-inf,-1581.2678111482312,32.58572544330098,153.14434884696632,120.55862340366535,153.14434884696632,32.58572544330098
MMT,1,2,-1,105,3.0976826559812394,0.0,32.58573277732927,16.585754791276592,-inf,-1597.267811159758,32.58573277732927,153.1457379300162,120.56000515268693,153.1457379300162,32.58573277732927
MMT,1,2,-1,106,3.0976831143550467,0.0,32.585740111320284,16.585762125267614,-inf,-1613.267811171396,32.585740111320284,153.14712703429598,120.5613869229757,153.14712703429598,32.585740111320284
MMT,1,2,-1,107,3.0976835727265244,0.0,32.585747445274016,16.585769459221346,-inf,-1629.2678111831463,32.585747445274016,153.14851615980632,120.5627687145323,153.14851615980632,32.585747445274016
MMT,1,2,-1,108,3.0976840310956715,0.0,32.58575477919046,16.58577679313779,-inf,-1645.267811195008,32.58575477919046,153.14990530654782,120.56415052735737,153.14990530654782,32.58575477919046
MMT,1,2,-1,109,3.097684489462489,0.0,32.58576211306963,16.585784127016957,-inf,-1661.2678112069823,32.58576211306963,153.15129447452122,120.56553236145159,153.15129447452122,32.58576211306963
MMT,1,2,-1,110,3.097684947826976,0.0,32.58576944691151,16.585791460858843,-inf,-1677.2678112190679,32.58576944691151,153.1526836637271,120.56691421681558,153.1526836637271,32.58576944691151
MMT,1,2,-1,111,3.0976854061891332,0.0,32.58577678071612,16.585798794663447,-inf,-1693.2678112312653,32.58577678071612,153.1540728741661,120.56829609344999,153.1540728741661,32.58577678071612
MMT,1,2,-1,112,3.09768586454896,0.0,32.58578411448344,16.585806128430768,-inf,-1709.267811243575,32.58578411448344,153.1554621058389,120.56967799135546,153.1554621058389,32.58578411448344
MMT,1,2,-1,113,3.0976863229064575,0.0,32.585791448213485,16.585813462160814,-inf,-1725.2678112559959,32.585791448213485,153.15685135874617,120.57105991053267,153.15685135874617,32.585791448213485
MMT,1,2,-1,114,3.0976867812616242,0.0,32.58579878190624,16.58582079585357,-inf,-1741.2678112685292,32.58579878190624,153.1582406328885,120.57244185098226,153.1582406328885,32.58579878190624
MMT,1,2,-1,115,3.0976872396144617,0.0,32.585806115561724,16.585828129509046,-inf,-1757.2678112811739,32.585806115561724,153.1596299282666,120.57382381270487,153.1596299282666,32.585806115561724
MMT,1,2,-1,116,3.0976876979649686,0.0,32.58581344917993,16.58583546312726,-inf,-1773.2678112939307,32.58581344917993,153.1610192448811,120.57520579570115,153.1610192448811,32.58581344917993
MMT,1,2,-1,117,3.097688156313146,0.0,32.58582078276086,16.585842796708192,-inf,-1789.267811306799,32.58582078276086,153.1624085827326,120.57658779997175,153.1624085827326,32.58582078276086
MMT,1,2,-1,118,3.097688614658993,0.0,32.585828116304505,16.585850130251835,-inf,-1805.2678113197796,32.585828116304505,153.1637979418218,120.5779698255173,153.1637979418218,32.585828116304505
MMT,1,2,-1,119,3.0976890730025106,0.0,32.58583544981087,16.585857463758195,-inf,-1821.267811332872,32.58583544981087,153.16518732214936,120.57935187233849,153.16518732214936,32.58583544981087
MMT,1,2,-1,120,3.0976895313436983,0.0,32.58584278327997,16.585864797227302,-inf,-1837.267811346076,32.58584278327997,153.16657672371593,120.58073394043595,153.16657672371593,32.58584278327997
MMT,1,2,-1,121,3.097689989682556,0.0,32.58585011671178,16.585872130659112,-inf,-1853.2678113593918,32.58585011671178,153.16796614652208,120.5821160298103,153.16796614652208,32.58585011671178
MMT,1,2,-1,122,3.097690448019084,0.0,32.585857450106325,16.585879464053654,-inf,-1869.2678113728196,32.585857450106325,153.16935559056856,120.58349814046223,153.16935559056856,32.585857450106325
MMT,1,2,-1,123,3.0976909063532827,0.0,32.585864783463585,16.585886797410915,-inf,-1885.2678113863592,32.585864783463585,153.17074505585597,120.58488027239238,153.17074505585597,32.585864783463585
MMT,1,2,-1,124,3.097691364685151,0.0,32.58587211678357,16.5858941307309,-inf,-1901.2678114000105,32.58587211678357,153.17213454238495,120.58626242560138,153.17213454238495,32.58587211678357
MMT,1,2,-1,125,3.09769182301469,0.0,32.58587945006628,16.58590146401361,-inf,-1917.2678114137739,32.58587945006628,153.1735240501562,120.58764460008992,153.1735240501562,32.58587945006628
MMT,1,2,-1,126,3.0976922813418994,0.0,32.58588678331172,16.58590879725905,-inf,-1933.2678114276491,32.58588678331172,153.17491357917032,120.58902679585859,153.17491357917032,32.58588678331172
MMT,1,2,-1,127,3.097692739666779,0.0,32.58589411651988,16.58591613046721,-inf,-1949.2678114416356,32.58589411651988,153.176303129428,120.5904090129081,153.176303129428,32.58589411651988
MMT,1,2,-1,128,3.0976931979893285,0.0,32.585901449690766,16.585923463638096,-inf,-1965.2678114557345,32.585901449690766,153.1776927009298,120.59179125123903,153.1776927009298,32.585901449690766
MMT,3,2,-1,5,1.1615571822940942,0.0,32.58499918988681,47.56233781649972,-inf,33.70950605171652,47.56233781649972,155.46754097250283,107.9052031560031,155.46754097250283,47.56233781649972
MMT,3,2,-1,6,1.1615571822940942,0.0,32.58500652760797,47.56235249194205,-inf,17.70951338898982,47.56235249194205,155.46887658802473,107.90652409608266,155.46887658802473,47.56235249194205
MMT,3,2,-1,7,1.1615571822940942,0.0,32.58501386529183,47.56236716730976,-inf,1.7095207261138796,47.56236716730976,155.47021222407784,107.9078450567681,155.47021222407784,47.56236716730976
MMT,3,2,-1,8,1.1615571822940942,0.0,32.58502120293835,47.562381842602804,-inf,-14.290471936911388,47.562381842602804,155.47154788066274,107.90916603805994,155.47154788066274,47.562381842602804
MMT,3,2,-1,9,1.1615571822940942,0.0,32.58502854054756,47.56239651782123,-inf,-30.290464600085897,47.56239651782123,155.4728835577801,107.9104870399589,155.4728835577801,47.56239651782123
MMT,3,2,-1,10,1.1615571822940942,0.0,32.58503587811945,47.562411192965,-inf,-46.290457263409735,47.562411192965,155.47421925543057,107.91180806246557,155.47421925543057,47.562411192965
MMT,3,2,-1,11,1.1615571822940942,0.0,32.58504321565402,47.56242586803414,-inf,-62.290449926882815,47.56242586803414,155.4755549736147,107.91312910558055,155.4755549736147,47.56242586803414
MMT,3,2,-1,12,1.1615571822940942,0.0,32.58505055315127,47.56244054302864,-inf,-78.29044259050517,47.56244054302864,155.47689071233316,107.9144501693045,155.47689071233316,47.56244054302864
MMT,3,2,-1,13,1.1615571822940942,0.0,32.5850578906112,47.56245521794851,-inf,-94.29043525427679,47.56245521794851,155.47822647158654,107.91577125363804,155.47822647158654,47.56245521794851
MMT,3,2,-1,14,1.1615571822940942,0.0,32.58506522803382,47.56246989279374,-inf,-110.29042791819768,47.56246989279374,155.4795622513755,107.91709235858177,155.4795622513755,47.56246989279374
MMT,3,2,-1,15,1.1615571822940942,0.0,32.58507256541912,47.56248456756434,-inf,-126.29042058226784,47.56248456756434,155.48089805170068,107.91841348413634,155.48089805170068,47.56248456756434
MMT,3,2,-1,16,1.1615571822940942,0.0,32.5850799027671,47.5624992422603,-inf,-142.29041324648725,47.5624992422603,155.48223387256263,107.91973463030234,155.48223387256263,47.5624992422603
MMT,3,2,-1,17,1.1615571822940942,0.0,32.58508724007777,47.56251391688164,-inf,-158.29040591085595,47.56251391688164,155.48356971396208,107.92105579708044,155.48356971396208,47.56251391688164
MMT,3,2,-1,18,1.1615571822940942,0.0,32.585094577351114,47.56252859142833,-inf,-174.2903985753739,47.56252859142833,155.48490557589957,107.92237698447126,155.48490557589957,47.56252859142833
MMT,3,2,-1,19,1.1615571822940942,0.0,32.58510191458715,47.5625432659004,-inf,-190.29039124004115,47.5625432659004,155.4862414583758,107.92369819247537,155.4862414583758,47.5625432659004
MMT,3,2,-1,20,1.1615571822940942,0.0,32.585109251785866,47.562557940297836,-inf,-206.2903839048576,47.562557940297836,155.4875773613913,107.92501942109347,155.4875773613913,47.562557940297836
MMT,3,2,-1,21,1.1615571822940942,0.0,32.58511658894727,47.56257261462065,-inf,-222.29037656982337,47.56257261462065,155.4889132849468,107.92634067032614,155.4889132849468,47.56257261462065
MMT,3,2,-1,22,1.1615571822940942,0.0,32.58512392607136,47.562587288868826,-inf,-238.2903692349384,47.562587288868826,155.49024922904283,107.927661940174,155.49024922904283,47.562587288868826
MMT,3,2,-1,23,1.1615571822940942,0.0,32.58513126315813,47.56260196304237,-inf,-254.29036190020264,47.56260196304237,155.49158519368,107.92898323063766,155.49158519368,47.56260196304237
MMT,3,2,-1,24,1.1615571822940942,0.0,32.58513860020759,47.56261663714129,-inf,-270.2903545656162,47.56261663714129,155.4929211788591,107.93030454171782,155.4929211788591,47.56261663714129
MMT,3,2,-1,25,1.1615571822940942,0.0,32.585145937219735,47.562631311165575,-inf,-286.29034723117894,47.562631311165575,155.49425718458062,107.93162587341504,155.49425718458062,47.562631311165575
MMT,3,2,-1,26,1.1615571822940942,0.0,32.58515327419457,47.56264598511524,-inf,-302.290339896891,47.56264598511524,155.4955932108452,107.93294722572996,155.4955932108452,47.56264598511524
MMT,3,2,-1,27,1.1615571822940942,0.0,32.585160611132096,47.562660658990296,-inf,-318.2903325627522,47.562660658990296,155.4969292576535,107.93426859866321,155.4969292576535,47.562660658990296
MMT,3,2,-1,28,1.1615571822940942,0.0,32.5851679480323,47.562675332790704,-inf,-334.29032522876275,47.562675332790704,155.49826532500612,107.9355899922154,155.49826532500612,47.562675332790704
MMT,3,2,-1,29,1.1615571822940942,0.0,32.5851752848952,47.562690006516505,-inf,-350.2903178949225,47.562690006516505,155.49960141290367,107.93691140638717,155.49960141290367,47.562690006516505
MMT,3,2,-1,30,1.1615571822940942,0.0,32.58518262172078,47.56270468016767,-inf,-366.29031056123154,47.56270468016767,155.5009375213468,107.93823284117913,155.5009375213468,47.56270468016767
MMT,3,2,-1,31,1.1615571822940942,0.0,32.585189958509055,47.562719353744214,-inf,-382.29030322768995,47.562719353744214,155.50227365033615,107.93955429659194,155.50227365033615,47.562719353744214
MMT,3,2,-1,32,1.1615571822940942,0.0,32.585197295260016,47.56273402724614,-inf,-398.2902958942974,47.56273402724614,155.50360979987232,107.94087577262619,155.50360979987232,47.56273402724614
MMT,3,2,-1,33,1.1615571822940942,0.0,32.58520463197367,47.56274870067344,-inf,-414.2902885610541,47.56274870067344,155.50494596995597,107.94219726928253,155.50494596995597,47.56274870067344
MMT,3,2,-1,34,1.1615571822940942,0.0,32.585211968650015,47.56276337402613,-inf,-430.2902812279602,47.56276337402613,155.50628216058772,107.94351878656157,155.50628216058772,47.56276337402613
MMT,3,2,-1,35,1.1615571822940942,0.0,32.585219305289044,47.56277804730419,-inf,-446.2902738950154,47.56277804730419,155.5076183717681,107.9448403244639,155.5076183717681,47.56277804730419
MMT,3,2,-1,36,1.1615571822940942,0.0,32.58522664189077,47.562792720507645,-inf,-462.2902665622198,47.562792720507645,155.50895460349787,107.94616188299022,155.50895460349787,47.562792720507645
MMT,3,2,-1,37,1.1615571822940942,0.0,32.58523397845518,47.56280739363646,-inf,-478.2902592295735,47.56280739363646,155.51029085577755,107.94748346214111,155.51029085577755,47.56280739363646
MMT,3,2,-1,38,1.1615571822940942,0.0,32.585241314982284,47.56282206669067,-inf,-494.29025189707653,47.56282206669067,155.51162712860787,107.9488050619172,155.51162712860787,47.56282206669067
MMT,3,2,-1,39,1.1615571822940942,0.0,32.585248651472085,47.562836739670274,-inf,-510.29024456472865,47.562836739670274,155.5129634219894,107.95012668231912,155.5129634219894,47.562836739670274
MMT,3,2,-1,40,1.1615571822940942,0.0,32.58525598792457,47.56285141257524,-inf,-526.29023723253,47.56285141257524,155.5142997359227,107.95144832334746,155.5142997359227,47.56285141257524
MMT,3,2,-1,41,1.1615571822940942,0.0,32.58526332433975,47.5628660854056,-inf,-542.2902299004808,47.5628660854056,155.5156360704085,107.95276998500292,155.5156360704085,47.5628660854056
MMT,3,2,-1,42,1.1615571822940942,0.0,32.585270660717626,47.562880758161356,-inf,-558.2902225685806,47.562880758161356,155.51697242544742,107.95409166728606,155.51697242544742,47.562880758161356
MMT,3,2,-1,43,1.1615571822940942,0.0,32.5852779970582,47.5628954308425,-inf,-574.2902152368297,47.5628954308425,155.51830880104006,107.95541337019756,155.51830880104006,47.5628954308425
MMT,3,2,-1,44,1.1615571822940942,0.0,32.585285333361455,47.56291010344901,-inf,-590.2902079052279,47.56291010344901,155.519645197187,107.95673509373798,155.519645197187,47.56291010344901
MMT,3,2,-1,45,1.1615571822940942,0.0,32.585292669627414,47.56292477598093,-inf,-606.2902005737756,47.56292477598093,155.52098161388892,107.95805683790798,155.52098161388892,47.56292477598093
MMT,3,2,-1,46,1.1615571822940942,0.0,32.58530000585606,47.56293944843823,-inf,-622.2901932424722,47.56293944843823,155.52231805114644,107.95937860270821,155.52231805114644,47.56293944843823
MMT,3,2,-1,47,1.1615571822940942,0.0,32.58530734204741,47.56295412082092,-inf,-638.2901859113182,47.56295412082092,155.5236545089602,107.96070038813926,155.5236545089602,47.56295412082092
MMT,3,2,-1,48,1.1615571822940942,0.0,32.58531467820145,47.562968793129,-inf,-654.2901785803135,47.562968793129,155.52499098733077,107.96202219420177,155.52499098733077,47.562968793129
MMT,3,2,-1,49,1.1615571822940942,0.0,32.58532201431819,47.56298346536248,-inf,-670.2901712494579,47.56298346536248,155.52632748625885,107.96334402089637,155.52632748625885,47.56298346536248
MMT,3,2,-1,50,1.1615571822940942,0.0,32.585329350397615,47.56299813752133,-inf,-686.2901639187514,47.56299813752133,155.52766400574495,107.96466586822363,155.52766400574495,47.56299813752133
MMT,3,2,-1,51,1.1615571822940942,0.0,32.585336686439746,47.563012809605596,-inf,-702.2901565881943,47.563012809605596,155.52900054578987,107.96598773618426,155.52900054578987,47.563012809605596
MMT,3,2,-1,52,1.1615571822940942,0.0,32.58534402244457,47.56302748161525,-inf,-718.2901492577864,47.56302748161525,155.5303371063941,107.96730962477885,155.5303371063941,47.56302748161525
MMT,3,2,-1,53,1.1615571822940942,0.0,32.5853513584121,47.5630421535503,-inf,-734.2901419275277,47.5630421535503,155.53167368755834,107.96863153400804,155.53167368755834,47.5630421535503
MMT,3,2,-1,54,1.1615571822940942,0.0,32.58535869434231,47.563056825410726,-inf,-750.2901345974182,47.563056825410726,155.53301028928314,107.9699534638724,155.53301028928314,47.563056825410726
MMT,3,2,-1,55,1.1615571822940942,0.0,32.58536603023523,47.56307149719656,-inf,-766.2901272674579,47.56307149719656,155.53434691156917,107.97127541437261,155.53434691156917,47.56307149719656
MMT,3,2,-1,56,1.1615571822940942,0.0,32.58537336609085,47.5630861689078,-inf,-782.2901199376468,47.5630861689078,155.5356835544171,107.97259738550929,155.5356835544171,47.5630861689078
MMT,3,2,-1,57,1.1615571822940942,0.0,32.58538070190916,47.56310084054442,-inf,-798.2901126079848,47.56310084054442,155.5370202178275,107.97391937728305,155.5370202178275,47.56310084054442
MMT,3,2,-1,58,1.1615571822940942,0.0,32.58538803769017,47.56311551210645,-inf,-814.2901052784721,47.56311551210645,155.53835690180097,107.97524138969452,155.53835690180097,47.56311551210645
MMT,3,2,-1,59,1.1615571822940942,0.0,32.58539537343388,47.56313018359387,-inf,-830.2900979491087,47.56313018359387,155.53969360633823,107.97656342274435,155.53969360633823,47.56313018359387
MMT,3,2,-1,60,1.1615571822940942,0.0,32.5854027091403,47.5631448550067,-inf,-846.2900906198944,47.5631448550067,155.5410303314398,107.9778854764331,155.5410303314398,47.5631448550067
MMT,3,2,-1,61,1.1615571822940942,0.0,32.585410044809414,47.56315952634493,-inf,-862.2900832908292,47.56315952634493,155.5423670771064,107.97920755076149,155.5423670771064,47.56315952634493
MMT,3,2,-1,62,1.1615571822940942,0.0,32.58541738044123,47.56317419760856,-inf,-878.2900759619134,47.56317419760856,155.54370384333862,107.98052964573007,155.54370384333862,47.56317419760856
MMT,3,2,-1,63,1.1615571822940942,0.0,32.58542471603574,47.56318886879758,-inf,-894.2900686331465,47.56318886879758,155.54504063013707,107.98185176133948,155.54504063013707,47.56318886879758
MMT,3,2,-1,64,1.1615571822940942,0.0,32.58543205159295,47.56320353991201,-inf,-910.2900613045291,47.56320353991201,155.54637743750237,107.98317389759038,155.54637743750237,47.56320353991201
MMT,3,2,-1,65,1.1615571822940942,0.0,32.58543938711287,47.563218210951845,-inf,-926.2900539760608,47.563218210951845,155.54771426543522,107.98449605448339,155.54771426543522,47.563218210951845
MMT,3,2,-1,66,1.1615571822940942,0.0,32.58544672259549,47.56323288191709,-inf,-942.2900466477415,47.56323288191709,155.54905111393617,107.98581823201907,155.54905111393617,47.56323288191709
MMT,3,2,-1,67,1.1615571822940942,0.0,32.58545405804081,47.563247552807724,-inf,-958.2900393195717,47.563247552807724,155.55038798300583,107.98714043019811,155.55038798300583,47.563247552807724
MMT,3,2,-1,68,1.1615571822940942,0.0,32.58546139344884,47.56326222362378,-inf,-974.2900319915511,47.56326222362378,155.5517248726449,107.98846264902114,155.5517248726449,47.56326222362378
MMT,3,2,-1,69,1.1615571822940942,0.0,32.58546872881956,47.56327689436523,-inf,-990.2900246636793,47.56327689436523,155.553061782854,107.98978488848878,155.553061782854,47.56327689436523
MMT,3,2,-1,70,1.1615571822940942,0.0,32.585476064153,47.5632915650321,-inf,-1006.2900173359571,47.5632915650321,155.55439871363373,107.99110714860163,155.55439871363373,47.5632915650321
MMT,3,2,-1,71,1.1615571822940942,0.0,32.58548339944913,47.56330623562437,-inf,-1022.290010008384,47.56330623562437,155.5557356649847,107.99242942936033,155.5557356649847,47.56330623562437
MMT,3,2,-1,72,1.1615571822940942,0.0,32.585490734707975,47.56332090614205,-inf,-1038.2900026809598,47.56332090614205,155.55707263690755,107.99375173076551,155.55707263690755,47.56332090614205
MMT,3,2,-1,73,1.1615571822940942,0.0,32.585498069929514,47.56333557658513,-inf,-1054.289995353685,47.56333557658513,155.5584096294029,107.99507405281777,155.5584096294029,47.56333557658513
MMT,3,2,-1,74,1.1615571822940942,0.0,32.585505405113764,47.56335024695363,-inf,-1070.2899880265593,47.56335024695363,155.5597466424714,107.99639639551778,155.5597466424714,47.56335024695363
MMT,3,2,-1,75,1.1615571822940942,0.0,32.58551274026072,47.56336491724754,-inf,-1086.2899806995829,47.56336491724754,155.5610836761137,107.99771875886614,155.5610836761137,47.56336491724754
MMT,3,2,-1,76,1.1615571822940942,0.0,32.58552007537038,47.56337958746687,-inf,-1102.2899733727559,47.56337958746687,155.56242073033036,107.99904114286349,155.56242073033036,47.56337958746687
MMT,3,2,-1,77,1.1615571822940942,0.0,32.585527410442744,47.56339425761159,-inf,-1118.2899660460776,47.56339425761159,155.56375780512204,108.00036354751045,155.56375780512204,47.56339425761159
MMT,3,2,-1,78,1.1615571822940942,0.0,32.585534745477815,47.563408927681735,-inf,-1134.2899587195486,47.563408927681735,155.56509490048933,108.0016859728076,155.56509490048933,47.563408927681735
MMT,3,2,-1,79,1.1615571822940942,0.0,32.5855420804756,47.5634235976773,-inf,-1150.289951393169,47.5634235976773,155.56643201643297,108.00300841875567,155.56643201643297,47.5634235976773
MMT,3,2,-1,80,1.1615571822940942,0.0,32.585549415436084,47.56343826759827,-inf,-1166.2899440669382,47.56343826759827,155.56776915295347,108.00433088535522,155.56776915295347,47.56343826759827
MMT,3,2,-1,81,1.1615571822940942,0.0,32.58555675035928,47.563452937444666,-inf,-1182.289936740857,47.563452937444666,155.5691063100515,108.00565337260684,155.5691063100515,47.563452937444666
MMT,3,2,-1,82,1.1615571822940942,0.0,32.58556408524518,47.56346760721647,-inf,-1198.2899294149247,47.56346760721647,155.57044348772772,108.00697588051125,155.57044348772772,47.56346760721647
MMT,3,2,-1,83,1.1615571822940942,0.0,32.5855714200938,47.5634822769137,-inf,-1214.2899220891416,47.5634822769137,155.57178068598273,108.00829840906901,155.57178068598273,47.5634822769137
MMT,3,2,-1,84,1.1615571822940942,0.0,32.585578754905114,47.56349694653633,-inf,-1230.2899147635076,47.56349694653633,155.57311790481708,108.00962095828075,155.57311790481708,47.56349694653633
MMT,3,2,-1,85,1.1615571822940942,0.0,32.58558608967915,47.5635116160844,-inf,-1246.2899074380227,47.5635116160844,155.57445514423154,108.01094352814712,155.57445514423154,47.5635116160844
MMT,3,2,-1,86,1.1615571822940942,0.0,32.58559342441589,47.563526285557884,-inf,-1262.2899001126873,47.563526285557884,155.57579240422663,108.01226611866875,155.57579240422663,47.563526285557884
MMT,3,2,-1,87,1.1615571822940942,0.0,32.58560075911534,47.56354095495678,-inf,-1278.2898927875008,47.56354095495678,155.577129684803,108.01358872984622,155.577129684803,47.56354095495678
MMT,3,2,-1,88,1.1615571822940942,0.0,32.585608093777495,47.56355562428109,-inf,-1294.2898854624634,47.56355562428109,155.5784669859613,108.01491136168022,155.5784669859613,47.56355562428109
MMT,3,2,-1,89,1.1615571822940942,0.0,32.58561542840236,47.56357029353083,-inf,-1310.2898781375754,47.56357029353083,155.57980430770215,108.01623401417132,155.57980430770215,47.56357029353083
MMT,3,2,-1,90,1.1615571822940942,0.0,32.58562276298995,47.563584962706,-inf,-1326.2898708128366,47.563584962706,155.5811416500262,108.0175566873202,155.5811416500262,47.563584962706
MMT,3,2,-1,91,1.1615571822940942,0.0,32.585630097540246,47.563599631806596,-inf,-1342.2898634882465,47.563599631806596,155.58247901293407,108.01887938112746,155.58247901293407,47.563599631806596
MMT,3,2,-1,92,1.1615571822940942,0.0,32.58563743205325,47.5636143008326,-inf,-1358.289856163806,47.5636143008326,155.5838163964263,108.02020209559372,155.5838163964263,47.5636143008326
MMT,3,2,-1,93,1.1615571822940942,0.0,32.585644766528965,47.563628969784034,-inf,-1374.2898488395147,47.563628969784034,155.5851538005036,108.02152483071957,155.5851538005036,47.563628969784034
MMT,3,2,-1,94,1.1615571822940942,0.0,32.585652100967394,47.56364363866089,-inf,-1390.289841515372,47.56364363866089,155.58649122516664,108.02284758650573,155.58649122516664,47.56364363866089
MMT,3,2,-1,95,1.1615571822940942,0.0,32.58565943536854,47.563658307463186,-inf,-1406.289834191379,47.563658307463186,155.58782867041594,108.02417036295276,155.58782867041594,47.563658307463186
MMT,3,2,-1,96,1.1615571822940942,0.0,32.5856667697324,47.5636729761909,-inf,-1422.2898268675349,47.5636729761909,155.58916613625223,108.02549316006134,155.58916613625223,47.5636729761909
MMT,3,2,-1,97,1.1615571822940942,0.0,32.58567410405897,47.56368764484404,-inf,-1438.28981954384,47.56368764484404,155.59050362267607,108.02681597783203,155.59050362267607,47.56368764484404
MMT,3,2,-1,98,1.1615571822940942,0.0,32.58568143834825,47.56370231342261,-inf,-1454.2898122202942,47.56370231342261,155.59184112968808,108.02813881626547,155.59184112968808,47.56370231342261
MMT,3,2,-1,99,1.1615571822940942,0.0,32.58568877260025,47.5637169819266,-inf,-1470.2898048968973,47.5637169819266,155.59317865728895,108.02946167536233,155.59317865728895,47.5637169819266
MMT,3,2,-1,100,1.1615571822940942,0.0,32.585696106814964,47.56373165035603,-inf,-1486.28979757365,47.56373165035603,155.59451620547924,108.03078455512319,155.59451620547924,47.56373165035603
MMT,3,2,-1,101,1.1615571822940942,0.0,32.58570344099239,47.56374631871088,-inf,-1502.2897902505517,47.56374631871088,155.59585377425958,108.03210745554871,155.59585377425958,47.56374631871088
MMT,3,2,-1,102,1.1615571822940942,0.0,32.58571077513254,47.563760986991184,-inf,-1518.2897829276023,47.563760986991184,155.5971913636307,108.03343037663952,155.5971913636307,47.563760986991184
MMT,3,2,-1,103,1.1615571822940942,0.0,32.5857181092354,47.563775655196906,-inf,-1534.2897756048023,47.563775655196906,155.59852897359315,108.03475331839623,155.59852897359315,47.563775655196906
MMT,3,2,-1,104,1.1615571822940942,0.0,32.58572544330098,47.563790323328064,-inf,-1550.2897682821515,47.563790323328064,155.5998666041475,108.03607628081946,155.5998666041475,47.563790323328064
MMT,3,2,-1,105,1.1615571822940942,0.0,32.58573277732927,47.56380499138464,-inf,-1566.2897609596496,47.56380499138464,155.60120425529448,108.03739926390983,155.60120425529448,47.56380499138464
MMT,3,2,-1,106,1.1615571822940942,0.0,32.585740111320284,47.56381965936667,-inf,-1582.2897536372968,47.56381965936667,155.60254192703468,108.03872226766802,155.60254192703468,47.56381965936667
MMT,3,2,-1,107,1.1615571822940942,0.0,32.585747445274016,47.56383432727414,-inf,-1598.2897463150935,47.56383432727414,155.60387961936874,108.04004529209462,155.60387961936874,47.56383432727414
MMT,3,2,-1,108,1.1615571822940942,0.0,32.58575477919046,47.56384899510702,-inf,-1614.2897389930388,47.56384899510702,155.60521733229726,108.04136833719024,155.60521733229726,47.56384899510702
MMT,3,2,-1,109,1.1615571822940942,0.0,32.58576211306963,47.56386366286536,-inf,-1630.2897316711337,47.56386366286536,155.60655506582088,108.04269140295554,155.60655506582088,47.56386366286536
MMT,3,2,-1,110,1.1615571822940942,0.0,32.58576944691151,47.56387833054913,-inf,-1646.2897243493776,47.56387833054913,155.60789281994022,108.0440144893911,155.60789281994022,47.56387833054913
MMT,3,2,-1,111,1.1615571822940942,0.0,32.58577678071612,47.56389299815834,-inf,-1662.2897170277704,47.56389299815834,155.60923059465597,108.04533759649763,155.60923059465597,47.56389299815834
MMT,3,2,-1,112,1.1615571822940942,0.0,32.58578411448344,47.56390766569298,-inf,-1678.2897097063126,47.56390766569298,155.61056838996865,108.04666072427568,155.61056838996865,47.56390766569298
MMT,3,2,-1,113,1.1615571822940942,0.0,32.585791448213485,47.56392233315307,-inf,-1694.2897023850035,47.56392233315307,155.61190620587897,108.0479838727259,155.61190620587897,47.56392233315307
MMT,3,2,-1,114,1.1615571822940942,0.0,32.58579878190624,47.56393700053859,-inf,-1710.289695063844,47.56393700053859,155.61324404238752,108.04930704184893,155.61324404238752,47.56393700053859
MMT,3,2,-1,115,1.1615571822940942,0.0,32.585806115561724,47.56395166784955,-inf,-1726.2896877428334,47.56395166784955,155.61458189949497,108.0506302316454,155.61458189949497,47.56395166784955
MMT,3,2,-1,116,1.1615571822940942,0.0,32.58581344917993,47.563966335085965,-inf,-1742.2896804219718,47.563966335085965,155.6159197772019,108.05195344211592,155.6159197772019,47.563966335085965
MMT,3,2,-1,117,1.1615571822940942,0.0,32.58582078276086,47.56398100224783,-inf,-1758.2896731012595,47.56398100224783,155.61725767550894,108.05327667326112,155.61725767550894,47.56398100224783
MMT,3,2,-1,118,1.1615571822940942,0.0,32.585828116304505,47.563995669335114,-inf,-1774.2896657806964,47.563995669335114,155.61859559441675,108.05459992508163,155.61859559441675,47.563995669335114
MMT,3,2,-1,119,1.1615571822940942,0.0,32.58583544981087,47.56401033634785,-inf,-1790.2896584602822,47.56401033634785,155.61993353392594,108.0559231975781,155.61993353392594,47.56401033634785
MMT,3,2,-1,120,1.1615571822940942,0.0,32.58584278327997,47.56402500328605,-inf,-1806.2896511400172,47.56402500328605,155.62127149403716,108.05724649075113,155.62127149403716,47.56402500328605
MMT,3,2,-1,121,1.1615571822940942,0.0,32.58585011671178,47.56403967014967,-inf,-1822.2896438199014,47.56403967014967,155.62260947475102,108.05856980460133,155.62260947475102,47.56403967014967
MMT,3,2,-1,122,1.1615571822940942,0.0,32.585857450106325,47.56405433693875,-inf,-1838.2896364999344,47.56405433693875,155.62394747606814,108.05989313912939,155.62394747606814,47.56405433693875
MMT,3,2,-1,123,1.1615571822940942,0.0,32.585864783463585,47.56406900365327,-inf,-1854.289629180117,47.56406900365327,155.62528549798918,108.0612164943359,155.62528549798918,47.56406900365327
MMT,3,2,-1,124,1.1615571822940942,0.0,32.58587211678357,47.56408367029324,-inf,-1870.289621860448,47.56408367029324,155.6266235405147,108.06253987022146,155.6266235405147,47.56408367029324
MMT,3,2,-1,125,1.1615571822940942,0.0,32.58587945006628,47.56409833685866,-inf,-1886.2896145409288,47.56409833685866,155.62796160364542,108.06386326678674,155.62796160364542,47.56409833685866
MMT,3,2,-1,126,1.1615571822940942,0.0,32.58588678331172,47.56411300334955,-inf,-1902.2896072215585,47.56411300334955,155.6292996873819,108.06518668403235,155.6292996873819,47.56411300334955
MMT,3,2,-1,127,1.1615571822940942,0.0,32.58589411651988,47.56412766976587,-inf,-1918.2895999023374,47.56412766976587,155.6306377917248,108.06651012195894,155.6306377917248,47.56412766976587
MMT,3,2,-1,128,1.1615571822940942,0.0,32.585901449690766,47.564142336107636,-inf,-1934.2895925832652,47.564142336107636,155.63197591667472,108.0678335805671,155.63197591667472,47.564142336107636
MMT,3,2,-1,4,1.1615571822940942,0.0,32.58499185212832,47.56232314098274,-inf,49.709498714293915,49.709498714293915,155.46620537751147,107.90388223652872,157.61338095082263,47.56232314098274
BJMM,2,3,2,6,4.217968651777859,1.1615571822940942,32.58500652760797,47.56235249194205,46.2220541894896,32.71534326914272,47.56235249194205,161.4232490140209,113.86089652207886,161.4232490140209,47.56235249194205
BJMM,2,3,2,7,4.217969450163951,1.1615571822940942,32.58501386529183,47.56236716730976,46.22207076602999,16.715352507439434,47.56236716730976,161.4246140037208,113.86224683641103,161.4246140037208,47.56236716730976
BJMM,2,3,2,8,4.217970248546429,1.1615571822940942,32.58502120293835,47.562381842602804,46.222087342478844,0.7153617455700214,47.562381842602804,161.42597901425108,113.8635971716483,161.42597901425108,47.562381842602804
BJMM,2,3,2,9,4.217971046925295,1.1615571822940942,32.58502854054756,47.56239651782123,46.22210391883627,-15.284629016465544,47.56239651782123,161.42734404561253,113.8649475277913,161.42734404561253,47.56239651782123
BJMM,2,3,2,10,4.217971845300547,1.1615571822940942,32.58503587811945,47.562411192965,46.2221204951022,-31.284619778667178,47.562411192965,161.42870909780572,113.86629790484072,161.42870909780572,47.562411192965
BJMM,2,3,2,11,4.217972643672187,1.1615571822940942,32.58504321565402,47.56242586803414,46.22213707127666,-47.28461054103494,47.56242586803414,161.4300741708313,113.86764830279715,161.4300741708313,47.56242586803414
BJMM,2,3,2,12,4.217973442040216,1.1615571822940942,32.58505055315127,47.56244054302864,46.22215364735965,-63.28460130356882,47.56244054302864,161.43143926468989,113.86899872166124,161.43143926468989,47.56244054302864
BJMM,2,3,2,13,4.21797424040463,1.1615571822940942,32.5850578906112,47.56245521794851,46.22217022335117,-79.28459206626877,47.56245521794851,161.4328043793821,113.87034916143361,161.4328043793821,47.56245521794851
BJMM,2,3,2,14,4.217975038765432,1.1615571822940942,32.58506522803382,47.56246989279374,46.22218679925123,-95.28458282913488,47.56246989279374,161.43416951490863,113.87169962211489,161.43416951490863,47.56246989279374
BJMM,2,3,2,15,4.217975837122621,1.1615571822940942,32.58507256541912,47.56248456756434,46.22220337505982,-111.28457359216702,47.56248456756434,161.4355346712701,113.87305010370576,161.4355346712701,47.56248456756434
BJMM,2,3,2,16,4.217976635476198,1.1615571822940942,32.5850799027671,47.5624992422603,46.22221995077693,-127.28456435536532,47.5624992422603,161.4368998484671,113.8744006062068,161.4368998484671,47.5624992422603
BJMM,2,3,2,17,4.217977433826164,1.1615571822940942,32.58508724007777,47.56251391688164,46.22223652640258,-143.28455511872966,47.56251391688164,161.4382650465003,113.87575112961868,161.4382650465003,47.56251391688164
BJMM,2,3,2,18,4.2179782321725146,1.1615571822940942,32.585094577351114,47.56252859142833,46.222253101936786,-159.28454588226015,47.56252859142833,161.43963026537037,113.87710167394204,161.43963026537037,47.56252859142833
BJMM,2,3,2,19,4.217979030515253,1.1615571822940942,32.58510191458715,47.5625432659004,46.22226967737954,-175.28453664595668,47.5625432659004,161.44099550507786,113.87845223917746,161.44099550507786,47.5625432659004
BJMM,2,3,2,20,4.21797982885438,1.1615571822940942,32.585109251785866,47.562557940297836,46.22228625273078,-191.28452740981936,47.562557940297836,161.4423607656235,113.87980282532565,161.4423607656235,47.562557940297836
BJMM,2,3,2,21,4.217980627189894,1.1615571822940942,32.58511658894727,47.56257261462065,46.22230282799063,-207.28451817384814,47.56257261462065,161.44372604700786,113.88115343238721,161.44372604700786,47.56257261462065
BJMM,2,3,2,22,4.2179814255217964,1.1615571822940942,32.58512392607136,47.562587288868826,46.22231940315898,-223.2845089380429,47.562587288868826,161.4450913492316,113.88250406036278,161.4450913492316,47.562587288868826
BJMM,2,3,2,23,4.217982223850086,1.1615571822940942,32.58513126315813,47.56260196304237,46.22233597823583,-239.28449970240382,47.56260196304237,161.4464566722953,113.88385470925294,161.4464566722953,47.56260196304237
BJMM,2,3,2,24,4.217983022174762,1.1615571822940942,32.58513860020759,47.56261663714129,46.2223525532213,-255.2844904669309,47.56261663714129,161.44782201619972,113.88520537905843,161.44782201619972,47.56261663714129
BJMM,2,3,2,25,4.217983820495827,1.1615571822940942,32.585145937219735,47.562631311165575,46.22236912811526,-271.284481231624,47.562631311165575,161.44918738094543,113.88655606977984,161.44918738094543,47.562631311165575
BJMM,2,3,2,26,4.217984618813279,1.1615571822940942,32.58515327419457,47.56264598511524,46.22238570291776,-287.2844719964831,47.56264598511524,161.450552766533,113.88790678141777,161.450552766533,47.56264598511524
BJMM,2,3,2,27,4.217985417127119,1.1615571822940942,32.585160611132096,47.562660658990296,46.22240227762887,-303.28446276150834,47.562660658990296,161.4519181729632,113.88925751397291,161.4519181729632,47.562660658990296
BJMM,2,3,2,28,4.217986215437347,1.1615571822940942,32.5851679480323,47.562675332790704,46.22241885224848,-319.2844535266997,47.562675332790704,161.45328360023655,113.89060826744583,161.45328360023655,47.562675332790704
BJMM,2,3,2,29,4.217987013743963,1.1615571822940942,32.5851752848952,47.562690006516505,46.22243542677663,-335.2844442920571,47.562690006516505,161.45464904835373,113.89195904183723,161.45464904835373,47.562690006516505
BJMM,2,3,2,30,4.2179878120469665,1.1615571822940942,32.58518262172078,47.56270468016767,46.222452001213355,-351.28443505758054,47.56270468016767,161.4560145173154,113.89330983714771,161.4560145173154,47.56270468016767
BJMM,2,3,2,31,4.2179886103463575,1.1615571822940942,32.585189958509055,47.562719353744214,46.22246857555861,-367.28442582327017,47.562719353744214,161.45738000712214,113.89466065337793,161.45738000712214,47.562719353744214
BJMM,2,3,2,32,4.217989408642137,1.1615571822940942,32.585197295260016,47.56273402724614,46.2224851498124,-383.28441658912584,47.56273402724614,161.45874551777464,113.89601149052851,161.45874551777464,47.56273402724614
BJMM,2,3,2,33,4.217990206934306,1.1615571822940942,32.58520463197367,47.56274870067344,46.222501723974744,-399.2844073551475,47.56274870067344,161.46011104927354,113.8973623486001,161.46011104927354,47.56274870067344
BJMM,2,3,2,34,4.21799100522286,1.1615571822940942,32.585211968650015,47.56276337402613,46.22251829804567,-415.28439812133524,47.56276337402613,161.46147660161944,113.8987132275933,161.46147660161944,47.56276337402613
BJMM,2,3,2,35,4.217991803507803,1.1615571822940942,32.585219305289044,47.56277804730419,46.22253487202515,-431.284388887689,47.56277804730419,161.46284217481295,113.90006412750876,161.46284217481295,47.56277804730419
BJMM,2,3,2,36,4.217992601789135,1.1615571822940942,32.58522664189077,47.562792720507645,46.222551445913155,-447.2843796542089,47.562792720507645,161.4642077688548,113.90141504834718,161.4642077688548,47.562792720507645
BJMM,2,3,2,37,4.217993400066854,1.1615571822940942,32.58523397845518,47.56280739363646,46.2225680197097,-463.2843704208949,47.56280739363646,161.46557338374555,113.90276599010909,161.46557338374555,47.56280739363646
BJMM,2,3,2,38,4.217994198340962,1.1615571822940942,32.585241314982284,47.56282206669067,46.22258459341482,-479.2843611877469,47.56282206669067,161.46693901948586,113.90411695279519,161.46693901948586,47.56282206669067
BJMM,2,3,2,39,4.2179949966114565,1.1615571822940942,32.585248651472085,47.562836739670274,46.22260116702856,-495.2843519547651,47.562836739670274,161.4683046760764,113.90546793640611,161.4683046760764,47.562836739670274
BJMM,2,3,2,40,4.21799579487834,1.1615571822940942,32.58525598792457,47.56285141257524,46.22261774055079,-511.2843427219492,47.56285141257524,161.4696703535177,113.90681894094247,161.4696703535177,47.56285141257524
BJMM,2,3,2,41,4.217996593141613,1.1615571822940942,32.58526332433975,47.5628660854056,46.22263431398157,-527.2843334892995,47.5628660854056,161.4710360518105,113.9081699664049,161.4710360518105,47.5628660854056
BJMM,2,3,2,42,4.217997391401273,1.1615571822940942,32.585270660717626,47.562880758161356,46.22265088732094,-543.2843242568156,47.562880758161356,161.47240177095543,113.90952101279407,161.47240177095543,47.562880758161356
BJMM,2,3,2,43,4.2179981896573215,1.1615571822940942,32.5852779970582,47.5628954308425,46.222667460568886,-559.2843150244979,47.5628954308425,161.4737675109531,113.91087208011061,161.4737675109531,47.5628954308425
BJMM,2,3,2,44,4.217998987909758,1.1615571822940942,32.585285333361455,47.56291010344901,46.22268403372534,-575.2843057923462,47.56291010344901,161.47513327180414,113.91222316835513,161.47513327180414,47.56291010344901
BJMM,2,3,2,45,4.217999786158583,1.1615571822940942,32.585292669627414,47.56292477598093,46.22270060679041,-591.2842965603606,47.56292477598093,161.4764990535092,113.91357427752827,161.4764990535092,47.56292477598093
BJMM,2,3,2,46,4.218000584403796,1.1615571822940942,32.58530000585606,47.56293944843823,46.222717179764004,-607.2842873285412,47.56293944843823,161.47786485606892,113.91492540763069,161.47786485606892,47.56293944843823
BJMM,2,3,2,47,4.218001382645399,1.1615571822940942,32.58530734204741,47.56295412082092,46.22273375264618,-623.2842780968876,47.56295412082092,161.47923067948392,113.916276558663,161.47923067948392,47.56295412082092
BJMM,2,3,2,48,4.218002180883389,1.1615571822940942,32.58531467820145,47.562968793129,46.222750325436934,-639.2842688654,47.562968793129,161.48059652375485,113.91762773062585,161.48059652375485,47.562968793129
BJMM,2,3,2,49,4.218002979117769,1.1615571822940942,32.58532201431819,47.56298346536248,46.22276689813624,-655.2842596340787,47.56298346536248,161.48196238888235,113.91897892351987,161.48196238888235,47.56298346536248
BJMM,2,3,2,50,4.218003777348536,1.1615571822940942,32.585329350397615,47.56299813752133,46.222783470744105,-671.2842504029234,47.56299813752133,161.48332827486703,113.9203301373457,161.48332827486703,47.56299813752133
BJMM,2,3,2,51,4.218004575575693,1.1615571822940942,32.585336686439746,47.563012809605596,46.22280004326055,-687.2842411719339,47.563012809605596,161.48469418170959,113.92168137210398,161.48469418170959,47.563012809605596
BJMM,2,3,2,52,4.218005373799238,1.1615571822940942,32.58534402244457,47.56302748161525,46.22281661568557,-703.2842319411106,47.56302748161525,161.4860601094106,113.92303262779535,161.4860601094106,47.56302748161525
BJMM,2,3,2,53,4.21800617201917,1.1615571822940942,32.5853513584121,47.5630421535503,46.22283318801918,-719.2842227104535,47.5630421535503,161.48742605797074,113.92438390442044,161.48742605797074,47.5630421535503
BJMM,2,3,2,54,4.218006970235491,1.1615571822940942,32.58535869434231,47.563056825410726,46.22284976026131,-735.2842134799623,47.563056825410726,161.4887920273906,113.92573520197986,161.4887920273906,47.563056825410726
BJMM,2,3,2,55,4.218007768448202,1.1615571822940942,32.58536603023523,47.56307149719656,46.22286633241205,-751.284204249637,47.56307149719656,161.49015801767086,113.92708652047429,161.49015801767086,47.56307149719656
BJMM,2,3,2,56,4.218008566657303,1.1615571822940942,32.58537336609085,47.5630861689078,46.22288290447135,-767.2841950194778,47.5630861689078,161.49152402881214,113.92843785990434,161.49152402881214,47.5630861689078
BJMM,2,3,2,57,4.21800936486279,1.1615571822940942,32.58538070190916,47.56310084054442,46.222899476439224,-783.2841857894846,47.56310084054442,161.49289006081509,113.92978922027066,161.49289006081509,47.56310084054442
BJMM,2,3,2,58,4.218010163064666,1.1615571822940942,32.58538803769017,47.56311551210645,46.22291604831568,-799.2841765596577,47.56311551210645,161.4942561136803,113.93114060157387,161.4942561136803,47.56311551210645
BJMM,2,3,2,59,4.218010961262932,1.1615571822940942,32.58539537343388,47.56313018359387,46.22293262010069,-815.2841673299965,47.56313018359387,161.49562218740851,113.93249200381463,161.49562218740851,47.56313018359387
BJMM,2,3,2,60,4.218011759457586,1.1615571822940942,32.5854027091403,47.5631448550067,46.222949191794314,-831.2841581005014,47.5631448550067,161.49698828200025,113.93384342699355,161.49698828200025,47.5631448550067
BJMM,2,3,2,61,4.21801255764863,1.1615571822940942,32.585410044809414,47.56315952634493,46.222965763396516,-847.2841488711724,47.56315952634493,161.49835439745624,113.93519487111129,161.49835439745624,47.56315952634493
BJMM,2,3,2,62,4.218013355836062,1.1615571822940942,32.58541738044123,47.56317419760856,46.222982334907286,-863.2841396420094,47.56317419760856,161.499720533777,113.93654633616846,161.499720533777,47.56317419760856
BJMM,2,3,2,63,4.218014154019883,1.1615571822940942,32.58542471603574,47.56318886879758,46.22299890632661,-879.2841304130125,47.56318886879758,161.50108669096332,113.93789782216574,161.50108669096332,47.56318886879758
BJMM,2,3,2,64,4.218014952200092,1.1615571822940942,32.58543205159295,47.56320353991201,46.22301547765457,-895.2841211841812,47.56320353991201,161.5024528690157,113.93924932910372,161.5024528690157,47.56320353991201
BJMM,2,3,2,65,4.218015750376693,1.1615571822940942,32.58543938711287,47.563218210951845,46.223032048891056,-911.2841119555162,47.563218210951845,161.50381906793493,113.94060085698308,161.50381906793493,47.563218210951845
BJMM,2,3,2,66,4.218016548549682,1.1615571822940942,32.58544672259549,47.56323288191709,46.22304862003615,-927.2841027270173,47.56323288191709,161.50518528772147,113.94195240580439,161.50518528772147,47.56323288191709
BJMM,2,3,2,67,4.218017346719058,1.1615571822940942,32.58545405804081,47.563247552807724,46.22306519108983,-943.2840934986842,47.563247552807724,161.5065515283761,113.94330397556837,161.5065515283761,47.563247552807724
BJMM,2,3,2,68,4.218018144884825,1.1615571822940942,32.58546139344884,47.56326222362378,46.22308176205209,-959.2840842705173,47.56326222362378,161.50791778989935,113.94465556627559,161.50791778989935,47.56326222362378
BJMM,2,3,2,69,4.21801894304698,1.1615571822940942,32.58546872881956,47.56327689436523,46.223098332922945,-975.2840750425165,47.56327689436523,161.50928407229196,113.94600717792675,161.50928407229196,47.56327689436523
BJMM,2,3,2,70,4.2180197412055245,1.1615571822940942,32.585476064153,47.5632915650321,46.22311490370241,-991.2840658146815,47.5632915650321,161.5106503755545,113.94735881052239,161.5106503755545,47.5632915650321
BJMM,2,3,2,71,4.218020539360459,1.1615571822940942,32.58548339944913,47.56330623562437,46.22313147439043,-1007.2840565870125,47.56330623562437,161.51201669968765,113.94871046406327,161.51201669968765,47.56330623562437
BJMM,2,3,2,72,4.218021337511781,1.1615571822940942,32.585490734707975,47.56332090614205,46.223148044987056,-1023.2840473595097,47.56332090614205,161.51338304469198,113.95006213854994,161.51338304469198,47.56332090614205
BJMM,2,3,2,73,4.218022135659495,1.1615571822940942,32.585498069929514,47.56333557658513,46.22316461549224,-1039.2840381321728,47.56333557658513,161.5147494105682,113.95141383398304,161.5147494105682,47.56333557658513
BJMM,2,3,2,74,4.218022933803596,1.1615571822940942,32.585505405113764,47.56335024695363,46.22318118590604,-1055.2840289050018,47.56335024695363,161.51611579731687,113.95276555036324,161.51611579731687,47.56335024695363
BJMM,2,3,2,75,4.218023731944086,1.1615571822940942,32.58551274026072,47.56336491724754,46.22319775622843,-1071.2840196779969,47.56336491724754,161.5174822049387,113.95411728769115,161.5174822049387,47.56336491724754
BJMM,2,3,2,76,4.218024530080967,1.1615571822940942,32.58552007537038,47.56337958746687,46.22321432645943,-1087.2840104511579,47.56337958746687,161.51884863343435,113.95546904596746,161.51884863343435,47.56337958746687
BJMM,2,3,2,77,4.218025328214236,1.1615571822940942,32.585527410442744,47.56339425761159,46.223230896599006,-1103.2840012244849,47.56339425761159,161.52021508280433,113.95682082519275,161.52021508280433,47.56339425761159
BJMM,2,3,2,78,4.218026126343897,1.1615571822940942,32.585534745477815,47.563408927681735,46.22324746664714,-1119.2839919979779,47.563408927681735,161.52158155304937,113.95817262536765,161.52158155304937,47.563408927681735
BJMM,2,3,2,79,4.218026924469945,1.1615571822940942,32.5855420804756,47.5634235976773,46.22326403660395,-1135.2839827716368,47.5634235976773,161.52294804417016,113.95952444649286,161.52294804417016,47.5634235976773
BJMM,2,3,2,80,4.218027722592383,1.1615571822940942,32.585549415436084,47.56343826759827,46.22328060646932,-1151.283973545462,47.56343826759827,161.52431455616727,113.96087628856898,161.52431455616727,47.56343826759827
BJMM,2,3,2,81,4.218028520711211,1.1615571822940942,32.58555675035928,47.563452937444666,46.223297176243264,-1167.2839643194532,47.563452937444666,161.52568108904129,113.96222815159662,161.52568108904129,47.563452937444666
BJMM,2,3,2,82,4.218029318826429,1.1615571822940942,32.58556408524518,47.56346760721647,46.223313745925836,-1183.28395509361,47.56346760721647,161.52704764279292,113.96358003557646,161.52704764279292,47.56346760721647
BJMM,2,3,2,83,4.218030116938036,1.1615571822940942,32.5855714200938,47.5634822769137,46.22333031551702,-1199.2839458679332,47.5634822769137,161.5284142174228,113.9649319405091,161.5284142174228,47.5634822769137
BJMM,2,3,2,84,4.218030915046033,1.1615571822940942,32.585578754905114,47.56349694653633,46.22334688501675,-1215.2839366424218,47.56349694653633,161.52978081293156,113.96628386639523,161.52978081293156,47.56349694653633
BJMM,2,3,2,85,4.2180317131504195,1.1615571822940942,32.58558608967915,47.5635116160844,46.22336345442514,-1231.283927417077,47.5635116160844,161.53114742931984,113.96763581323543,161.53114742931984,47.5635116160844
BJMM,2,3,2,86,4.218032511251195,1.1615571822940942,32.58559342441589,47.563526285557884,46.22338002374211,-1247.283918191898,47.563526285557884,161.53251406658828,113.96898778103039,161.53251406658828,47.563526285557884
BJMM,2,3,2,87,4.218033309348361,1.1615571822940942,32.58560075911534,47.56354095495678,46.22339659296769,-1263.2839089668846,47.56354095495678,161.53388072473746,113.97033976978068,161.53388072473746,47.56354095495678
BJMM,2,3,2,88,4.218034107441917,1.1615571822940942,32.585608093777495,47.56355562428109,46.22341316210186,-1279.2838997420376,47.56355562428109,161.5352474037681,113.97169177948702,161.5352474037681,47.56355562428109
BJMM,2,3,2,89,4.218034905531862,1.1615571822940942,32.58561542840236,47.56357029353083,46.223429731144634,-1295.2838905173564,47.56357029353083,161.5366141036808,113.97304381014996,161.5366141036808,47.56357029353083
BJMM,2,3,2,90,4.218035703618197,1.1615571822940942,32.58562276298995,47.563584962706,46.22344630009604,-1311.2838812928412,47.563584962706,161.53798082447622,113.97439586177022,161.53798082447622,47.563584962706
BJMM,2,3,2,91,4.218036501700923,1.1615571822940942,32.585630097540246,47.563599631806596,46.22346286895606,-1327.283872068492,47.563599631806596,161.539347566155,113.97574793434839,161.539347566155,47.563599631806596
BJMM,2,3,2,92,4.218037299780038,1.1615571822940942,32.58563743205325,47.5636143008326,46.22347943772465,-1343.2838628443087,47.5636143008326,161.54071432871774,113.97710002788513,161.54071432871774,47.5636143008326
BJMM,2,3,2,93,4.218038097855542,1.1615571822940942,32.585644766528965,47.563628969784034,46.223496006401874,-1359.2838536202914,47.563628969784034,161.54208111216505,113.97845214238102,161.54208111216505,47.563628969784034
BJMM,2,3,2,94,4.218038895927438,1.1615571822940942,32.585652100967394,47.56364363866089,46.22351257498771,-1375.2838443964401,47.56364363866089,161.54344791649766,113.97980427783678,161.54344791649766,47.56364363866089
BJMM,2,3,2,95,4.218039693995724,1.1615571822940942,32.58565943536854,47.563658307463186,46.22352914348214,-1391.2838351727546,47.563658307463186,161.54481474171618,113.981156434253,161.54481474171618,47.563658307463186
BJMM,2,3,2,96,4.218040492060397,1.1615571822940942,32.5856667697324,47.5636729761909,46.22354571188525,-1407.2838259492353,47.5636729761909,161.54618158782122,113.98250861163032,161.54618158782122,47.5636729761909
BJMM,2,3,2,97,4.218041290121463,1.1615571822940942,32.58567410405897,47.56368764484404,46.22356228019689,-1423.283816725882,47.56368764484404,161.54754845481344,113.9838608099694,161.54754845481344,47.56368764484404
BJMM,2,3,2,98,4.218042088178918,1.1615571822940942,32.58568143834825,47.56370231342261,46.22357884841719,-1439.2838075026943,47.56370231342261,161.54891534269345,113.98521302927084,161.54891534269345,47.56370231342261
BJMM,2,3,2,99,4.218042886232764,1.1615571822940942,32.58568877260025,47.5637169819266,46.22359541654606,-1455.2837982796727,47.5637169819266,161.55028225146194,113.98656526953533,161.55028225146194,47.5637169819266
BJMM,2,3,2,100,4.218043684282999,1.1615571822940942,32.585696106814964,47.56373165035603,46.22361198458361,-1471.283789056817,47.56373165035603,161.55164918111947,113.98791753076344,161.55164918111947,47.56373165035603
BJMM,2,3,2,101,4.218044482329625,1.1615571822940942,32.58570344099239,47.56374631871088,46.22362855252972,-1487.2837798341277,47.56374631871088,161.55301613166674,113.98926981295585,161.55301613166674,47.56374631871088
BJMM,2,3,2,102,4.218045280372642,1.1615571822940942,32.58571077513254,47.563760986991184,46.22364512038449,-1503.2837706116038,47.563760986991184,161.5543831031044,113.99062211611323,161.5543831031044,47.563760986991184
BJMM,2,3,2,103,4.218046078412048,1.1615571822940942,32.5857181092354,47.563775655196906,46.22366168814786,-1519.2837613892461,47.563775655196906,161.55575009543307,113.99197444023616,161.55575009543307,47.563775655196906
BJMM,2,3,2,104,4.218046876447843,1.1615571822940942,32.58572544330098,47.563790323328064,46.22367825581988,-1535.2837521670544,47.563790323328064,161.55711710865336,113.9933267853253,161.55711710865336,47.563790323328064
BJMM,2,3,2,105,4.21804767448003,1.1615571822940942,32.58573277732927,47.56380499138464,46.22369482340049,-1551.2837429450285,47.56380499138464,161.5584841427659,113.99467915138126,161.5584841427659,47.56380499138464
BJMM,2,3,2,106,4.218048472508608,1.1615571822940942,32.585740111320284,47.56381965936667,46.22371139088972,-1567.2837337231688,47.56381965936667,161.55985119777142,113.99603153840476,161.55985119777142,47.56381965936667
BJMM,2,3,2,107,4.218049270533576,1.1615571822940942,32.585747445274016,47.56383432727414,46.22372795828761,-1583.2837245014746,47.56383432727414,161.56121827367048,113.99738394639635,161.56121827367048,47.56383432727414
BJMM,2,3,2,108,4.218050068554934,1.1615571822940942,32.58575477919046,47.56384899510702,46.22374452559407,-1599.2837152799466,47.56384899510702,161.56258537046372,113.9987363753567,161.56258537046372,47.56384899510702
BJMM,2,3,2,109,4.218050866572683,1.1615571822940942,32.58576211306963,47.56386366286536,46.22376109280921,-1615.2837060585844,47.56386366286536,161.5639524881518,114.00008882528645,161.5639524881518,47.56386366286536
BJMM,2,3,2,110,4.218051664586823,1.1615571822940942,32.58576944691151,47.56387833054913,46.22377765993295,-1631.2836968373883,47.56387833054913,161.56531962673535,114.00144129618623,161.56531962673535,47.56387833054913
BJMM,2,3,2,111,4.218052462597353,1.1615571822940942,32.58577678071612,47.56389299815834,46.223794226965296,-1647.283687616358,47.56389299815834,161.56668678621503,114.00279378805669,161.56668678621503,47.56389299815834
BJMM,2,3,2,112,4.218053260604272,1.1615571822940942,32.58578411448344,47.56390766569298,46.22381079390631,-1663.283678395494,47.56390766569298,161.56805396659144,114.00414630089847,161.56805396659144,47.56390766569298
BJMM,2,3,2,113,4.218054058607583,1.1615571822940942,32.585791448213485,47.56392233315307,46.22382736075595,-1679.2836691747955,47.56392233315307,161.56942116786524,114.00549883471217,161.56942116786524,47.56392233315307
BJMM,2,3,2,114,4.218054856607284,1.1615571822940942,32.58579878190624,47.56393700053859,46.22384392751421,-1695.283659954263,47.56393700053859,161.57078839003708,114.0068513894985,161.57078839003708,47.56393700053859
BJMM,2,3,2,115,4.218055654603377,1.1615571822940942,32.585806115561724,47.56395166784955,46.22386049418107,-1711.2836507338966,47.56395166784955,161.57215563310757,114.00820396525802,161.57215563310757,47.56395166784955
BJMM,2,3,2,116,4.218056452595859,1.1615571822940942,32.58581344917993,47.563966335085965,46.223877060756635,-1727.283641513696,47.563966335085965,161.5735228970774,114.00955656199143,161.5735228970774,47.563966335085965
BJMM,2,3,2,117,4.218057250584733,1.1615571822940942,32.58582078276086,47.56398100224783,46.2238936272408,-1743.2836322936614,47.56398100224783,161.57489018194715,114.01090917969933,161.57489018194715,47.56398100224783
BJMM,2,3,2,118,4.218058048569998,1.1615571822940942,32.585828116304505,47.563995669335114,46.22391019363357,-1759.2836230737928,47.563995669335114,161.5762574877175,114.01226181838237,161.5762574877175,47.563995669335114
BJMM,2,3,2,119,4.218058846551654,1.1615571822940942,32.58583544981087,47.56401033634785,46.22392675993498,-1775.2836138540897,47.56401033634785,161.57762481438903,114.01361447804118,161.57762481438903,47.56401033634785
BJMM,2,3,2,120,4.2180596445297,1.1615571822940942,32.58584278327997,47.56402500328605,46.223943326145076,-1791.2836046345528,47.56402500328605,161.57899216196247,114.01496715867643,161.57899216196247,47.56402500328605
BJMM,2,3,2,121,4.218060442504138,1.1615571822940942,32.58585011671178,47.56403967014967,46.223959892263736,-1807.283595415182,47.56403967014967,161.5803595304384,114.01631986028872,161.5803595304384,47.56403967014967
BJMM,2,3,2,122,4.218061240474965,1.1615571822940942,32.585857450106325,47.56405433693875,46.223976458291105,-1823.283586195977,47.56405433693875,161.58172691981747,114.0176725828787,161.58172691981747,47.56405433693875
BJMM,2,3,2,123,4.2180620384421825,1.1615571822940942,32.585864783463585,47.56406900365327,46.2239930242271,-1839.2835769769376,47.56406900365327,161.58309433010032,114.01902532644704,161.58309433010032,47.56406900365327
BJMM,2,3,2,124,4.218062836405792,1.1615571822940942,32.58587211678357,47.56408367029324,46.22400959007172,-1855.2835677580645,47.56408367029324,161.58446176128757,114.02037809099431,161.58446176128757,47.56408367029324
MMT,4,2,-1,5,0.16155993401272234,0.0,32.58499918988681,63.562315802552455,-inf,49.70948403776926,63.562315802552455,165.95167235801034,102.38935655545788,165.95167235801034,63.562315802552455
BJMM,4,4,2,8,4.366253176996048,0.16155993401272234,32.58502120293835,63.56235982865554,59.84953520909491,61.37434870713568,63.56235982865554,165.95559120523,102.39323137657448,165.95559120523,63.56235982865554
BJMM,1,3,2,6,5.131334644746803,1.1615571822940942,32.58500652760797,47.56235249194205,31.608178195502504,18.101467275155585,47.56235249194205,167.9856675538513,120.42331506190925,167.9856675538513,47.56235249194205
BJMM,3,3,2,6,3.2613962325963546,1.1615571822940942,32.58500652760797,47.56235249194205,61.52723395400716,48.02052303366028,61.52723395400716,169.4337580500898,107.90652409608266,169.4337580500898,47.56235249194205
MMT,5,4,-1,9,3.417875634861655,0.0,64.12425339148199,74.9312798353464,-inf,60.54844694576295,74.9312798353464,172.15561368068782,97.22433384534142,172.15561368068782,74.9312798353464
BJMM,5,4,2,9,3.417875634861655,0.16155993401272234,32.58502854054756,63.56237450387396,75.02362611089669,60.54844694576295,75.02362611089669,172.2479599562381,97.22433384534142,172.2479599562381,74.9312798353464
MMT,6,4,-1,9,2.4483512916510968,0.0,64.12425339148199,90.44369066944742,-inf,76.06085777986397,90.44369066944742,182.78511728798145,92.34142661853403,182.78511728798145,90.44369066944742
BJMM,6,4,2,9,2.4483512916510968,0.16155993401272234,32.58502854054756,63.56237450387396,90.53603694499772,76.06085777986397,90.53603694499772,182.87746356353176,92.34142661853403,182.87746356353176,90.44369066944742
MMT,7,6,-1,12,5.630963515227532,0.0,95.03127606472808,101.5746572375152,-inf,101.244590513177,101.5746572375152,189.28384197606098,87.70918473854579,189.28384197606098,101.5746572375152
BJMM,7,4,2,9,1.4455768237894568,0.16155993401272234,32.58502854054756,63.56237450387396,106.58045050547138,92.10527134033762,106.58045050547138,194.2860243727688,87.70557386729742,194.2860243727688,106.48810422992108
MMT,8,6,-1,12,4.690902643528713,0.0,95.03127606472808,116.61565187883097,-inf,116.28558515449276,116.61565187883097,199.90663186052097,83.29097998169001,199.90663186052097,116.61565187883097
MMT,9,8,-1,16,7.823013328344121,0.0,125.47442501147023,127.5556639631809,-inf,124.2793611748611,127.5556639631809,206.6284792012761,79.0728152380952,206.6284792012761,127.5556639631809
BJMM,8,8,4,16,8.730303548083324,0.3830796614986361,64.12435611592106,123.48828766485197,113.42080939180636,109.76269768629953,123.48828766485197,206.78396498980123,83.29567732494925,206.78396498980123,123.48828766485197
BJMM,9,8,4,16,7.823013328344121,0.3830796614986361,64.12435611592106,123.48828766485197,127.93747288036789,124.2793611748611,127.93747288036789,207.0102881184631,79.0728152380952,207.0102881184631,127.5556639631809
MMT,10,8,-1,16,6.903356548528442,0.0,125.47442501147023,142.2701926851987,-inf,138.99388989687884,142.2701926851987,217.2981441384178,75.02795145321909,217.2981441384178,142.2701926851987
BJMM,10,8,4,16,6.903356548528442,0.3830796614986361,64.12435611592106,123.48828766485197,142.6520016023857,138.99388989687884,142.6520016023857,217.67995305560478,75.02795145321909,217.67995305560478,142.2701926851987
MMT,11,10,-1,20,9.998975275737424,0.0,155.54507848650138,153.00753973908198,-inf,145.99846373129128,155.54507848650138,226.6964872541248,71.15140876762342,226.6964872541248,155.54507848650138
BJMM,11,8,4,16,5.96871899294828,0.3830796614986361,64.12435611592106,123.48828766485197,157.6062230664162,153.94811136090937,157.6062230664162,228.75328646987043,71.14706340345424,228.75328646987043,157.22441414922923
MMT,12,10,-1,20,9.095040387024877,0.0,155.54507848650138,167.47051785735405,-inf,160.4614418495633,167.47051785735405,234.893419076569,67.42290121921494,234.893419076569,167.47051785735405
BJMM,12,8,4,16,5.01555693386124,0.3830796614986361,64.12435611592106,123.48828766485197,172.856836994348,169.19872528884116,172.856836994348,240.27551027772148,67.41867328337348,240.27551027772148,172.47502807716097
BJMM,13,12,6,24,12.161550622137437,0.6157334679311741,95.03154020589704,181.81897667992,178.90462472740813,166.61509157235355,181.81897667992,245.6604390941084,63.84146241418839,245.6604390941084,181.81897667992
MMT,13,10,-1,20,8.179042671924554,0.0,155.54507848650138,182.1265014633769,-inf,175.11742545558616,182.1265014633769,245.96385308802533,63.83735162464843,245.96385308802533,182.1265014633769
MMT,14,12,-1,24,11.270552140786085,0.0,185.30028883025994,192.2712664283051,-inf,180.8710868880695,192.2712664283051,252.66199139490473,60.39072496659964,252.66199139490473,192.2712664283051
BJMM,14,12,6,24,11.270552140786085,0.6157334679311741,95.03154020589704,181.81897667992,193.16062004312406,180.8710868880695,193.16062004312406,253.5513450097237,60.39072496659964,253.5513450097237,192.2712664283051
MMT,15,12,-1,24,10.369374348079843,0.0,185.30028883025994,206.69013094978268,-inf,195.28995140954714,206.69013094978268,263.7582232945412,57.068092344758526,263.7582232945412,206.69013094978268
BJMM,15,12,6,24,10.369374348079843,0.6157334679311741,95.03154020589704,181.81897667992,207.57948456460164,195.28995140954714,207.57948456460164,264.64757690936017,57.068092344758526,264.64757690936017,206.69013094978268
MMT,16,14,-1,27,13.432555080672262,0.0,214.77866630302253,216.71482756990588,-inf,216.35023776210835,216.71482756990588,270.58536208622166,53.870534516315786,270.58536208622166,216.71482756990588
BJMM,16,12,6,24,9.456487374304675,0.6157334679311741,95.03154020589704,181.81897667992,222.18569624094337,209.89616308588893,222.18569624094337,276.0534117139117,53.86771547296836,276.0534117139117,221.2963426261244
MMT,17,14,-1,27,12.54381105225968,0.0,214.77866630302253,230.9347515889728,-inf,230.57016178117522,230.9347515889728,281.72203134017377,50.78727975120098,281.72203134017377,230.9347515889728
BJMM,17,12,6,24,8.53001810329587,0.6157334679311741,95.03154020589704,181.81897667992,237.00922497201873,224.7196918169642,237.00922497201873,287.79377375784134,50.7845487858226,287.79377375784134,236.11987135719977
BJMM,18,16,8,31,15.582746095640925,0.8532316031499472,125.47486523443806,239.07320544228952,242.4738547549158,234.99197857184902,242.4738547549158,290.29423962602175,47.82038487110593,290.29423962602175,240.83419021551498
MMT,18,16,-1,31,15.582746095640925,0.0,244.00791788294507,240.83419021551498,-inf,234.99197857184902,244.00791788294507,291.828302754051,47.82038487110593,291.828302754051,244.00791788294507
MMT,19,16,-1,31,14.704818801171077,0.0,244.00791788294507,254.88104625338278,-inf,249.0388346097168,254.88104625338278,299.839924134755,44.95887788137222,299.839924134755,254.88104625338278
BJMM,19,16,8,31,14.704818801171077,0.8532316031499472,125.47486523443806,239.07320544228952,256.52071079278363,249.0388346097168,256.52071079278363,301.4795886741558,44.95887788137222,301.4795886741558,254.88104625338278
MMT,20,16,-1,31,13.818122918997357,0.0,244.00791788294507,269.06819988754086,-inf,263.2259882438749,269.06819988754086,311.2712802203505,42.20308033280965,311.2712802203505,269.06819988754086
BJMM,20,16,8,31,13.818122918997357,0.8532316031499472,125.47486523443806,239.07320544228952,270.7078644269417,263.2259882438749,270.7078644269417,312.9109447597513,42.20308033280965,312.9109447597513,269.06819988754086
MMT,21,18,-1,35,16.853992808329163,0.0,273.0084094617529,278.5472864965361,-inf,266.7580584671888,278.5472864965361,318.10055208157917,39.553265585043036,318.10055208157917,278.5472864965361
BJMM,21,16,8,31,12.921601650493027,0.8532316031499472,125.47486523443806,239.07320544228952,285.05222445868174,277.57034827561495,285.05222445868174,324.60231804851253,39.550093589830794,324.60231804851253,283.4125599192809
MMT,22,18,-1,35,15.977898502394236,0.0,273.0084094617529,292.56481467749455,-inf,280.77558664814717,292.56481467749455,329.5652571330936,37.00044245559907,329.5652571330936,292.56481467749455
BJMM,22,20,10,38,19.851867304638294,1.093452351289826,155.54573880248347,295.49742320492834,290.85979421582465,286.02481098836165,295.49742320492834,332.5001567291513,37.00273352422293,332.5001567291513,295.49742320492834
MMT,23,20,-1,38,18.99240805701408,0.0,301.7954827251439,301.94903369183373,-inf,299.77617787015095,301.94903369183373,336.4969336681226,34.547899976288896,336.4969336681226,301.94903369183373
BJMM,23,20,10,38,18.99240805701408,1.093452351289826,155.54573880248347,295.49742320492834,304.6111610976139,299.77617787015095,304.6111610976139,339.15906107390276,34.547899976288896,339.15906107390276,301.94903369183373
MMT,24,20,-1,38,18.125864690644264,0.0,301.7954827251439,315.81374662949975,-inf,313.64089080781685,315.81374662949975,348.00297902067945,32.18923239117968,348.00297902067945,315.81374662949975
BJMM,24,20,10,38,18.125864690644264,1.093452351289826,155.54573880248347,295.49742320492834,318.4758740352799,313.64089080781685,318.4758740352799,350.6651064264596,32.18923239117968,350.6651064264596,315.81374662949975
MMT,25,20,-1,38,17.25151871934255,0.0,301.7954827251439,329.8033014178396,-inf,327.63044559615673,329.8033014178396,359.72838382269435,29.92508240485479,359.72838382269435,329.8033014178396
BJMM,25,20,10,38,17.25151871934255,1.093452351289826,155.54573880248347,295.49742320492834,332.46542882361973,327.63044559615673,332.46542882361973,362.3905112284745,29.92508240485479,362.3905112284745,329.8033014178396
MMT,26,22,-1,42,20.263025719825404,0.0,330.381046843215,338.8241986840348,-inf,329.856330375972,338.8241986840348,366.5808256558347,27.75662697179989,366.5808256558347,338.8241986840348
BJMM,26,20,10,38,16.368564540904163,1.093452351289826,155.54573880248347,295.49742320492834,346.592715115644,341.75773188818107,346.592715115644,374.34675693856536,27.754041822921337,374.34675693856536,343.93058770986386
BJMM,27,24,12,45,23.23967142210082,1.3354198470960073,185.30121324677887,351.23545066852535,352.0023939452924,347.85469658378724,352.0023939452924,377.68163628189745,25.67924233660505,377.68163628189745,351.23545066852535
MMT,27,22,-1,42,19.398153270000634,0.0,330.381046843215,352.66217692019706,-inf,343.69430861213436,352.66217692019706,378.3395683448746,25.67739142467751,378.3395683448746,352.66217692019706
MMT,28,24,-1,45,22.390061006611226,0.0,358.7739365329077,361.6040017776223,-inf,361.44848193461416,361.6040017776223,385.2948620407014,23.690860263079117,385.2948620407014,361.6040017776223
BJMM,28,24,12,45,22.390061006611226,1.3354198470960073,185.30121324677887,351.23545066852535,365.5961792961194,361.44848193461416,365.5961792961194,389.2870395591985,23.690860263079117,389.2870395591985,361.6040017776223
MMT,29,24,-1,45,21.53394007749955,0.0,358.7739365329077,375.30195548972245,-inf,375.1464356467145,375.30195548972245,397.09458811653224,21.79263262680979,397.09458811653224,375.30195548972245
BJMM,29,24,12,45,21.53394007749955,1.3354198470960073,185.30121324677887,351.23545066852535,379.2941330082196,375.1464356467145,379.2941330082196,401.0867656350294,21.79263262680979,401.0867656350294,375.30195548972245
MMT,30,26,-1,49,24.507424065997228,0.0,386.98109906026144,384.1605289236874,-inf,376.4393037332827,386.98109906026144,406.96717131768105,19.986072257419636,406.96717131768105,386.98109906026144
BJMM,30,24,12,45,20.67070928925139,1.3354198470960073,185.30121324677887,351.23545066852535,393.1058446230172,388.95814726151207,393.1058446230172,413.089801198536,19.98395657551879,413.089801198536,389.1136671045201
MMT,31,26,-1,49,23.659503586956667,0.0,386.98109906026144,397.7272752541283,-inf,390.0060500637235,397.7272752541283,415.9936798877266,18.266404633598334,415.9936798877266,397.7272752541283
BJMM,31,28,14,52,27.449929553163617,1.5786038282448713,214.7799501822099,406.3808763153948,398.81997151077974,393.49188254466753,406.3808763153948,424.6487797418725,18.267903426477673,424.6487797418725,406.3808763153948
MMT,32,26,-1,49,22.805032386261647,0.0,386.98109906026144,411.3988332752455,-inf,403.6776080848408,411.3988332752455,428.03444269652755,16.635609421282048,428.03444269652755,411.3988332752455
BJMM,32,28,14,52,26.615380846962307,1.5786038282448713,214.7799501822099,406.3808763153948,412.1727691814316,406.84468021531916,412.1727691814316,428.8097892952,16.637020113768422,428.8097892952,406.4995727355315
MMT,33,28,-1,53,25.775240998020347,0.0,415.0074044832803,419.9420342202055,-inf,404.2873250934724,419.9420342202055,435.03740014733347,15.095365927127943,435.03740014733347,419.9420342202055
BJMM,33,28,14,52,25.77523931302163,1.5786038282448713,214.7799501822099,406.3808763153948,425.61505221903167,420.28696325291935,425.61505221903167,440.7099772588078,15.094925039776115,440.7099772588078,419.9418557731315
MMT,34,28,-1,53,24.929024427675884,0.0,415.0074044832803,433.48151797399964,-inf,417.82680884726665,433.48151797399964,447.12363187124436,13.64211389724474,447.12363187124436,433.48151797399964
BJMM,34,28,14,52,24.92902296461886,1.5786038282448713,214.7799501822099,406.3808763153948,439.1545324217538,433.8264434556413,439.1545324217538,452.7962347990426,13.641702377288816,452.7962347990426,433.48133597585365
MMT,35,30,-1,56,27.881369733339184,0.0,442.85612036270754,441.9496274664428,-inf,434.00055167371374,442.85612036270754,455.1352546445986,12.27913428189104,455.1352546445986,442.85612036270754
BJMM,35,28,14,52,24.076207710311444,1.5786038282448713,214.7799501822099,406.3808763153948,452.799595264216,447.4715062981036,452.799595264216,465.07720086949047,12.277605605274466,465.07720086949047,447.12639881831586
MMT,36,30,-1,56,27.043024750779338,0.0,442.85612036270754,455.36316564240093,-inf,447.4140898496719,455.36316564240093,466.36763726587736,11.00447162347644,466.36763726587736,455.36316564240093
BJMM,36,32,16,59,30.803417871907893,1.8226839117962366,244.00956120234372,460.9987747044885,458.30516807657614,449.94587432571007,460.9987747044885,472.00430484491704,11.005530140428569,472.00430484491704,460.9987747044885
MMT,37,30,-1,56,26.19853879446299,0.0,442.85612036270754,468.87495953364817,-inf,460.9258837409193,468.87495953364817,478.69492293596664,9.819963402318464,478.69492293596664,468.87495953364817
BJMM,37,32,16,59,29.97795545730118,1.8226839117962366,244.00956120234372,460.9987747044885,471.5125848816923,463.15329113082635,471.5125848816923,481.33351869428765,9.820933812595356,481.33351869428765,463.7533213470084
MMT,38,32,-1,59,29.14719643228014,0.0,470.52930868753737,477.04548403535136,-inf,476.4454538191692,477.04548403535136,485.7727630878222,8.727279052470891,485.7727630878222,477.04548403535136
BJMM,38,32,16,59,29.14719643228014,1.8226839117962366,244.00956120234372,460.9987747044885,484.8047475700353,476.4454538191692,484.8047475700353,493.53202662250624,8.727279052470891,493.53202662250624,477.04548403535136
MMT,39,32,-1,59,28.31069685881597,0.0,470.52930868753737,490.42949562515463,-inf,489.8294654089725,490.42949562515463,498.15504240694213,7.725546781787472,498.15504240694213,490.42949562515463
MMT,40,34,-1,63,31.24154199942485,0.0,498.02774004395235,498.53003660203535,-inf,488.92404607651633,498.53003660203535,505.34790210515536,6.817865503120025,505.34790210515536,498.53003660203535
BJMM,39,32,16,59,28.31069685881597,1.8226839117962366,244.00956120234372,460.9987747044885,498.1887591598385,489.8294654089725,498.1887591598385,505.914305941626,7.725546781787472,505.914305941626,490.42949562515463
MMT,41,34,-1,63,30.41278079325211,0.0,498.02774004395235,511.7902341448263,-inf,502.1842436193074,511.7902341448263,517.7938769006827,6.003642755856433,517.7938769006827,511.7902341448263
BJMM,40,32,16,59,27.467979243616927,1.8226839117962366,244.00956120234372,460.9987747044885,511.6722595542813,503.3129658034154,511.6722595542813,518.4891834697768,6.816923915495501,518.4891834697768,503.91299601959736
BJMM,41,36,18,66,34.14203028562686,2.067451655883036,273.01045621751086,515.1363639523605,517.0787637515115,503.7907140873715,517.0787637515115,523.0830246856026,6.004260934091093,523.0830246856026,515.1363639523605
MMT,42,34,-1,63,29.578188112738733,0.0,498.02774004395235,525.1437354054392,-inf,515.5377448799204,525.1437354054392,530.4293213768568,5.285585971417646,530.4293213768568,525.1437354054392
BJMM,42,36,18,66,33.32590234232838,2.067451655883036,273.01045621751086,515.1363639523605,530.1368288102105,516.8487791460705,530.1368288102105,535.4229448469038,5.2861160366932225,535.4229448469038,519.8175304718519
MMT,43,36,-1,66,32.50471398772153,0.0,525.3505264722298,532.9565622228828,-inf,529.9878108971013,532.9565622228828,537.6226110315212,4.666048808638422,537.6226110315212,532.9565622228828
BJMM,43,36,18,66,32.50471398772153,2.067451655883036,273.01045621751086,515.1363639523605,543.2758605612414,529.9878108971013,543.2758605612414,547.9419093698798,4.666048808638422,547.9419093698798,532.9565622228828
MMT,44,36,-1,66,31.678041023528547,0.0,525.3505264722298,546.1833478480279,-inf,543.2145965222464,546.1833478480279,550.3296104884053,4.146262640377344,550.3296104884053,546.1833478480279
MMT,45,38,-1,70,34.58625306664442,0.0,552.4959580930321,553.9287611074491,-inf,541.2367916967471,553.9287611074491,557.6584028000425,3.729641692593418,557.6584028000425,553.9287611074491
BJMM,44,36,18,66,31.678041023528547,2.067451655883036,273.01045621751086,515.1363639523605,556.5026461863864,543.2145965222464,556.5026461863864,560.6489088267638,4.146262640377344,560.6489088267638,546.1833478480279
MMT,46,38,-1,70,33.767378526327114,0.0,552.4959580930321,567.0307717789118,-inf,554.3388023682096,567.0307717789118,570.4490300618636,3.4182582829517827,570.4490300618636,567.0307717789118
BJMM,45,40,20,72,38.264973597638665,2.3127638168801385,301.79797692240084,568.8286971076966,562.4212462852831,558.1941472810347,568.8286971076966,572.5585160561809,3.7298189484842794,572.5585160561809,568.8286971076966
BJMM,46,40,20,72,37.463203783787826,2.3127638168801385,301.79797692240084,568.8286971076966,575.2495809567457,571.022481952497,575.2495809567457,578.6679577497247,3.4183767929790037,578.6679577497247,568.8286971076966
MMT,47,40,-1,73,36.6569580173107,0.0,579.460385895969,574.7062342666272,-inf,567.9229967686238,579.460385895969,582.67637983436,3.2159939383909943,582.67637983436,579.460385895969
MMT,48,40,-1,73,35.845840280207355,0.0,579.460385895969,587.6841359159114,-inf,580.9008984179079,587.6841359159114,590.8105235422736,3.126387626362259,590.8105235422736,587.6841359159114
BJMM,47,40,20,72,36.656956412682874,2.3127638168801385,301.79797692240084,568.8286971076966,588.1495566428412,583.9224576385925,588.1495566428412,591.3655206879367,3.2159640450955784,591.3655206879367,574.7059665318462
MMT,49,40,-1,73,35.029430676681876,0.0,579.460385895969,600.7467075444428,-inf,593.9634700464394,600.7467075444428,603.9006990434207,3.1539914989779447,603.9006990434207,600.7467075444428
BJMM,48,40,20,72,35.84583889183025,2.3127638168801385,301.79797692240084,568.8286971076966,601.127454832109,596.9003558278603,601.127454832109,604.2538419385567,3.1263871064476803,604.2538419385567,587.6838647211141
MMT,50,42,-1,76,37.91284326327778,0.0,606.2389911580991,608.1426180823411,-inf,606.8898899412604,608.1426180823411,611.4462945629123,3.303676480571184,611.4462945629123,608.1426180823411
BJMM,49,40,20,72,35.02942948891417,2.3127638168801385,301.79797692240084,568.8286971076966,614.1900232508857,609.9629242466372,614.1900232508857,617.3440436033299,3.1540203524442028,617.3440436033299,600.7464331398907
MMT,51,42,-1,76,37.10452089168657,0.0,606.2389911580991,621.075793821895,-inf,619.8230656808141,621.075793821895,624.6573466289417,3.581552807046723,624.6573466289417,621.075793821895
BJMM,50,44,22,79,41.55403961982318,2.5585177111284785,330.3840324605527,622.1026877980196,620.2761666246598,606.9067241267126,622.1026877980196,625.4061896967218,3.303501898702148,625.4061896967218,622.1026877980196
BJMM,51,44,22,79,40.76293076354898,2.5585177111284785,330.3840324605527,622.1026877980196,632.9339257402099,619.5644832422629,632.9339257402099,636.5152158407544,3.5812901005444715,636.5152158407544,622.1026877980196
MMT,52,44,-1,79,39.96751967384698,0.0,632.8249953457844,628.405811325833,-inf,632.2910781873654,632.8249953457844,636.8190032282574,3.9940078824730705,636.8190032282574,632.8249953457844
MMT,53,44,-1,80,39.16739852024302,0.0,632.825156714915,641.2080901353138,-inf,629.0936577214961,641.2080901353138,645.7576274463285,4.5495373110146815,645.7576274463285,641.2080901353138
BJMM,52,44,22,79,39.96751967384698,2.5585177111284785,330.3840324605527,622.1026877980196,645.6605206853125,632.2910781873654,645.6605206853125,649.6545285677855,3.9940078824730705,649.6545285677855,628.405811325833
MMT,54,44,-1,80,38.3621249507326,0.0,632.825156714915,654.0924849744599,-inf,641.978052560642,654.0924849744599,659.3501665754527,5.257681600992747,659.3501665754527,654.0924849744599
BJMM,53,44,22,79,39.16739738593735,2.5585177111284785,330.3840324605527,622.1026877980196,658.4624949054477,645.0930524075006,658.4624949054477,663.0121785236913,4.549683618243613,663.0121785236913,641.2077855459682
MMT,55,46,-1,83,41.21691662934504,0.0,659.2095783763089,661.1423068734574,-inf,653.7543600198769,661.1423068734574,667.2714933554831,6.129186482025727,667.2714933554831,661.1423068734574
BJMM,54,44,22,79,38.36212400728571,2.5585177111284785,330.3840324605527,622.1026877980196,671.3468866908491,657.9774441929021,671.3468866908491,676.6047439745474,5.257857283698254,676.6047439745474,654.0921773313696
MMT,56,46,-1,83,40.42034725314001,0.0,659.2095783763089,673.8874344281066,-inf,666.499487574526,673.8874344281066,681.0666511089732,7.1792166808666416,681.0666511089732,673.8874344281066
BJMM,55,48,24,85,44.81321073099448,2.8046372157066037,358.7774575735285,674.9782556592455,677.8184103134738,668.7928981399991,677.8184103134738,683.9471867248709,6.1287764113971335,683.9471867248709,674.9782556592455
MMT,57,48,-1,128,43.251447240284676,0.0,685.3880330074512,680.8945930621934,-inf,5.810476347237909,685.3880330074512,693.8008738153536,8.412840807902345,693.8008738153536,685.3880330074512
BJMM,56,48,24,85,44.034361532895645,2.8046372157066037,358.7774575735285,674.9782556592455,690.2800146283387,681.254502454864,690.2800146283387,697.4587624849286,7.17874785658984,697.4587624849286,674.9782556592455
MMT,58,48,-1,86,42.463894370649285,0.0,685.3806404008541,693.4806711000482,-inf,690.3826937435756,693.4806711000482,703.3677249335161,9.887053833467933,703.3677249335161,693.4806711000482
BJMM,57,48,24,85,43.251406362392146,2.8046372157066037,358.7774575735285,674.9782556592455,702.8073145920655,693.7818024185908,702.8073145920655,711.2314939873975,8.424179395331993,711.2314939873975,680.8801098288159
MMT,59,48,-1,86,41.67133348934933,0.0,685.3806404008541,706.1616626479747,-inf,703.0636852915018,706.1616626479747,717.7589091773874,11.5972465294127,717.7589091773874,706.1616626479747
BJMM,58,48,24,85,42.463893618055764,2.8046372157066037,358.7774575735285,674.9782556592455,715.4075358374471,706.3820236639726,715.4075358374471,725.2948828304263,9.887346992979303,725.2948828304263,693.4803310741976
MMT,60,50,-1,90,44.490468004769184,0.0,711.3231110998468,712.8764266811787,-inf,697.5993396095137,712.8764266811787,726.4697402382303,13.593313557051545,726.4697402382303,712.8764266811787
BJMM,59,52,26,128,48.78845962761482,3.0510643315453634,386.988631720105,727.4778223265688,723.1563130707816,123.4718761414515,727.4778223265688,739.0615258186755,11.58370349210665,739.0615258186755,727.4778223265688
MMT,61,50,-1,128,43.70782570603218,0.0,711.3300782673672,725.4126550247951,-inf,102.14866577093972,725.4126550247951,741.3346144176795,15.9219593928844,741.3346144176795,725.4126550247951
BJMM,60,52,26,91,48.0279093563016,3.0510643315453634,386.98510414214815,727.4707671706551,735.3110238424238,727.6132911048871,735.3110238424238,748.9039855033402,13.592961660916439,748.9039855033402,727.4707671706551
MMT,62,52,-1,128,46.49650372561652,0.0,737.0228949209745,732.1004778020391,-inf,160.14322102765118,737.0228949209745,755.7253661547715,18.702471233796956,755.7253661547715,737.0228949209745
BJMM,61,52,26,128,47.26411108159242,3.0510643315453634,386.988631720105,727.4778223265688,747.5459233635564,147.86148643422666,747.5459233635564,763.4678827564409,15.9219593928844,763.4678827564409,727.4778223265688
MMT,63,52,-1,128,45.724572564574366,0.0,737.0228949209745,744.4513933717062,-inf,172.49413659731817,744.4513933717062,766.54242256025,22.09102918854373,766.54242256025,744.4513933717062
BJMM,62,52,26,128,46.49650372561652,3.0510643315453634,386.988631720105,727.4778223265688,759.8276579569808,160.14322102765118,759.8276579569808,778.5301291907778,18.702471233796956,778.5301291907778,732.1004778020391
MMT,64,52,-1,128,44.94770772688343,0.0,737.0228949209745,756.8812478763618,-inf,184.92399110197357,756.8812478763618,783.3835550961525,26.502307219790637,783.3835550961525,756.8812478763618
BJMM,63,52,26,128,45.724572564574366,3.0510643315453634,386.988631720105,727.4778223265688,772.1785735266479,172.49413659731817,772.1785735266479,794.2696027151917,22.09102918854373,794.2696027151917,744.4513933717062
BJMM,64,56,28,128,51.90280978984359,3.297753851129089,415.01510576118176,779.5977259369349,781.5134868816264,275.2588658319819,781.5134868816264,808.015794101417,26.502307219790637,808.015794101417,779.5977259369349
